representation,protocol,target,model,refinement,fold,n_input_features,n_features,n_train,n_validation,train_seconds,macro_f1,balanced_accuracy,uar,weighted_f1,accuracy,original_macro_f1,original_balanced_accuracy,original_uar,original_weighted_f1,original_accuracy,inner_best_macro_f1,pca_n_components,pca_explained_variance,lda_n_components
egemaps,speaker_dependent,emotion_original,random_forest,none,0,88,88,690,174,0.4036578200011718,0.5630662304820345,0.5621399433899434,0.5621399433899434,0.57763990216085,0.5804597701149425,,,,,,,,,
egemaps,speaker_dependent,emotion_original,random_forest,none,1,88,88,690,174,0.3765589659997204,0.493942105697197,0.5095061188811189,0.5095061188811189,0.5107801937291031,0.5344827586206896,,,,,,,,,
egemaps,speaker_dependent,emotion_original,random_forest,none,2,88,88,692,172,0.3653178040003695,0.5073987115261238,0.5163961038961038,0.5163961038961038,0.5455714115024943,0.5348837209302325,,,,,,,,,
egemaps,speaker_dependent,emotion_original,random_forest,none,3,88,88,692,172,0.3848619660002441,0.4385071248914531,0.4517565359477124,0.4517565359477124,0.4524001458692843,0.4476744186046512,,,,,,,,,
egemaps,speaker_dependent,emotion_original,random_forest,none,4,88,88,692,172,0.3612424740003916,0.4917359751022365,0.5007176850926851,0.5007176850926851,0.5057005117986245,0.5174418604651163,,,,,,,,,
egemaps,speaker_dependent,emotion_original,logistic_regression,none,0,88,88,690,174,0.0369266620000416,0.5373075191721617,0.5419504107004107,0.5419504107004107,0.5623948955064064,0.5632183908045977,,,,,,,,,
egemaps,speaker_dependent,emotion_original,logistic_regression,none,1,88,88,690,174,0.0588610459999472,0.5347537054006106,0.5332641317016317,0.5332641317016317,0.5490145860815407,0.5459770114942529,,,,,,,,,
egemaps,speaker_dependent,emotion_original,logistic_regression,none,2,88,88,692,172,0.0603156200013472,0.4525711892075302,0.4561688311688311,0.4561688311688311,0.489858641218515,0.4825581395348837,,,,,,,,,
egemaps,speaker_dependent,emotion_original,logistic_regression,none,3,88,88,692,172,0.0508421100003033,0.5273852845230176,0.5465277777777777,0.5465277777777777,0.5421487444793308,0.5348837209302325,,,,,,,,,
egemaps,speaker_dependent,emotion_original,logistic_regression,none,4,88,88,692,172,0.0551959599997644,0.5451401795335331,0.5452266483516484,0.5452266483516484,0.5513816930947172,0.5465116279069767,,,,,,,,,
egemaps,speaker_dependent,emotion_original,mlp,none,0,88,88,690,174,0.6999927050001133,0.5320746005471794,0.5366106116106116,0.5366106116106116,0.5566492607823308,0.5632183908045977,,,,,,,,,
egemaps,speaker_dependent,emotion_original,mlp,none,1,88,88,690,174,0.4456237790000159,0.5637346429322632,0.5703088578088578,0.5703088578088578,0.580006967142109,0.5862068965517241,,,,,,,,,
egemaps,speaker_dependent,emotion_original,mlp,none,2,88,88,692,172,0.3069228310014296,0.5059784519868554,0.5168560606060606,0.5168560606060606,0.5520625163384593,0.5523255813953488,,,,,,,,,
egemaps,speaker_dependent,emotion_original,mlp,none,3,88,88,692,172,0.5957437460001529,0.5333410801782472,0.5480596405228758,0.5480596405228758,0.5549950534817363,0.5523255813953488,,,,,,,,,
egemaps,speaker_dependent,emotion_original,mlp,none,4,88,88,692,172,0.6751988969990634,0.5697432028251284,0.569440281940282,0.569440281940282,0.5760168187429204,0.5755813953488372,,,,,,,,,
egemaps,speaker_dependent,emotion_quadrant,random_forest,none,0,88,88,690,174,0.3750664660001348,0.6821311667692002,0.6715909090909091,0.6715909090909091,0.7309542398409863,0.7471264367816092,,,,,,,,,
egemaps,speaker_dependent,emotion_quadrant,random_forest,none,1,88,88,690,174,0.3573065860000497,0.6368072123954478,0.6344132316958404,0.6344132316958404,0.6767522628374556,0.6839080459770115,,,,,,,,,
egemaps,speaker_dependent,emotion_quadrant,random_forest,none,2,88,88,692,172,0.3666713839993463,0.6018883913620756,0.6421052631578947,0.6421052631578947,0.6476257100492107,0.6744186046511628,,,,,,,,,
egemaps,speaker_dependent,emotion_quadrant,random_forest,none,3,88,88,692,172,0.3554904210013774,0.5959115410454232,0.6056914592760181,0.6056914592760181,0.6495943311492718,0.6744186046511628,,,,,,,,,
egemaps,speaker_dependent,emotion_quadrant,random_forest,none,4,88,88,692,172,0.3505287300013151,0.5430447605019396,0.5528014324385293,0.5528014324385293,0.591346323303963,0.6104651162790697,,,,,,,,,
egemaps,speaker_dependent,emotion_quadrant,logistic_regression,none,0,88,88,690,174,0.0330028659991512,0.6378932443043481,0.6515151515151515,0.6515151515151515,0.6840711865667993,0.6724137931034483,,,,,,,,,
egemaps,speaker_dependent,emotion_quadrant,logistic_regression,none,1,88,88,690,174,0.0426242150006146,0.5999070374070374,0.6110413137587051,0.6110413137587051,0.6519964709619882,0.6379310344827587,,,,,,,,,
egemaps,speaker_dependent,emotion_quadrant,logistic_regression,none,2,88,88,692,172,0.0428034689994092,0.630274213090028,0.6430764411027569,0.6430764411027569,0.6596671399138264,0.6627906976744186,,,,,,,,,
egemaps,speaker_dependent,emotion_quadrant,logistic_regression,none,3,88,88,692,172,0.0400745799997821,0.6360831916524986,0.6416855203619909,0.6416855203619909,0.664968977517907,0.6627906976744186,,,,,,,,,
egemaps,speaker_dependent,emotion_quadrant,logistic_regression,none,4,88,88,692,172,0.0423479950004548,0.6188697749049983,0.6243472253552899,0.6243472253552899,0.6429802159193593,0.6395348837209303,,,,,,,,,
egemaps,speaker_dependent,emotion_quadrant,mlp,none,0,88,88,690,174,0.3376746860012645,0.5739011896893589,0.571969696969697,0.571969696969697,0.6310386611056664,0.6379310344827587,,,,,,,,,
egemaps,speaker_dependent,emotion_quadrant,mlp,none,1,88,88,690,174,0.2495404590008547,0.592898300201671,0.5946452098626012,0.5946452098626012,0.6487825231722946,0.6494252873563219,,,,,,,,,
egemaps,speaker_dependent,emotion_quadrant,mlp,none,2,88,88,692,172,0.4940627560008579,0.6408588292388792,0.6521616541353383,0.6521616541353383,0.6762404364598045,0.6802325581395349,,,,,,,,,
egemaps,speaker_dependent,emotion_quadrant,mlp,none,3,88,88,692,172,0.7077063870001439,0.6160304874300817,0.6135322398190045,0.6135322398190045,0.6544099421499299,0.6627906976744186,,,,,,,,,
egemaps,speaker_dependent,emotion_quadrant,mlp,none,4,88,88,692,172,0.3677027749999979,0.6326413454974245,0.6306437514098805,0.6306437514098805,0.6640239933377498,0.6744186046511628,,,,,,,,,
egemaps,speaker_dependent,emotion_original_eval_quadrant,random_forest,none,0,88,88,690,174,0.3829982540009951,0.6719340882150389,0.6772727272727272,0.6772727272727272,0.6945465560078105,0.6954022988505747,0.5630662304820345,0.5621399433899434,0.5621399433899434,0.57763990216085,0.5804597701149425,,,,
egemaps,speaker_dependent,emotion_original_eval_quadrant,random_forest,none,1,88,88,690,174,0.3622269139996206,0.6213920501401946,0.6328204404291361,0.6328204404291361,0.6634589681903235,0.6609195402298851,0.493942105697197,0.5095061188811189,0.5095061188811189,0.5107801937291031,0.5344827586206896,,,,
egemaps,speaker_dependent,emotion_original_eval_quadrant,random_forest,none,2,88,88,692,172,0.445466089000547,0.6859567944820335,0.7171052631578947,0.7171052631578947,0.7012176716900561,0.7034883720930233,0.5073987115261238,0.5163961038961038,0.5163961038961038,0.5455714115024943,0.5348837209302325,,,,
egemaps,speaker_dependent,emotion_original_eval_quadrant,random_forest,none,3,88,88,692,172,0.3621792379999533,0.625668449197861,0.6232748868778281,0.6232748868778281,0.6439497574928491,0.6511627906976745,0.4385071248914531,0.4517565359477124,0.4517565359477124,0.4524001458692843,0.4476744186046512,,,,
egemaps,speaker_dependent,emotion_original_eval_quadrant,random_forest,none,4,88,88,692,172,0.3513362030007556,0.5894668395756404,0.5952289645838034,0.5952289645838034,0.6328272491456783,0.6395348837209303,0.4917359751022365,0.5007176850926851,0.5007176850926851,0.5057005117986245,0.5174418604651163,,,,
egemaps,speaker_dependent,emotion_original_eval_quadrant,logistic_regression,none,0,88,88,690,174,0.0557345329998497,0.6448496905393457,0.6507575757575759,0.6507575757575759,0.6747197577161905,0.6724137931034483,0.5373075191721617,0.5419504107004107,0.5419504107004107,0.5623948955064064,0.5632183908045977,,,,
egemaps,speaker_dependent,emotion_original_eval_quadrant,logistic_regression,none,1,88,88,690,174,0.052037546000065,0.5831373117762004,0.5855001882175797,0.5855001882175797,0.6391841690688034,0.632183908045977,0.5347537054006106,0.5332641317016317,0.5332641317016317,0.5490145860815407,0.5459770114942529,,,,
egemaps,speaker_dependent,emotion_original_eval_quadrant,logistic_regression,none,2,88,88,692,172,0.0497951800007285,0.6000901170392696,0.6109022556390977,0.6109022556390977,0.6360031594560567,0.6453488372093024,0.4525711892075302,0.4561688311688311,0.4561688311688311,0.489858641218515,0.4825581395348837,,,,
egemaps,speaker_dependent,emotion_original_eval_quadrant,logistic_regression,none,3,88,88,692,172,0.0497841010001138,0.6194483802711611,0.6188277714932127,0.6188277714932127,0.6458828995933705,0.6453488372093024,0.5273852845230176,0.5465277777777777,0.5465277777777777,0.5421487444793308,0.5348837209302325,,,,
egemaps,speaker_dependent,emotion_original_eval_quadrant,logistic_regression,none,4,88,88,692,172,0.054788980000012,0.6387302274536747,0.6383572073088202,0.6383572073088202,0.6676686127694126,0.6686046511627907,0.5451401795335331,0.5452266483516484,0.5452266483516484,0.5513816930947172,0.5465116279069767,,,,
egemaps,speaker_dependent,emotion_original_eval_quadrant,mlp,none,0,88,88,690,174,0.5587307790010527,0.6244932879071563,0.6284090909090909,0.6284090909090909,0.6590803521660211,0.6609195402298851,0.5320746005471794,0.5366106116106116,0.5366106116106116,0.5566492607823308,0.5632183908045977,,,,
egemaps,speaker_dependent,emotion_original_eval_quadrant,mlp,none,1,88,88,690,174,0.2847625399990647,0.6796676532248119,0.7000964615095049,0.7000964615095049,0.7173214662862181,0.7068965517241379,0.5637346429322632,0.5703088578088578,0.5703088578088578,0.580006967142109,0.5862068965517241,,,,
egemaps,speaker_dependent,emotion_original_eval_quadrant,mlp,none,2,88,88,692,172,0.5286857829996734,0.6580267369868846,0.6702380952380953,0.6702380952380953,0.6789991926124529,0.6918604651162791,0.5059784519868554,0.5168560606060606,0.5168560606060606,0.5520625163384593,0.5523255813953488,,,,
egemaps,speaker_dependent,emotion_original_eval_quadrant,mlp,none,3,88,88,692,172,0.8286600669998734,0.633543384851232,0.6325226244343891,0.6325226244343891,0.6720808023882284,0.6744186046511628,0.5333410801782472,0.5480596405228758,0.5480596405228758,0.5549950534817363,0.5523255813953488,,,,
egemaps,speaker_dependent,emotion_original_eval_quadrant,mlp,none,4,88,88,692,172,0.6215752909993171,0.6613439571160159,0.6638492555831266,0.6638492555831266,0.6886404870501998,0.686046511627907,0.5697432028251284,0.569440281940282,0.569440281940282,0.5760168187429204,0.5755813953488372,,,,
egemaps,speaker_independent,emotion_original,random_forest,none,0,88,88,720,144,0.3961663499994756,0.4470303141850998,0.4495400432900432,0.4495400432900432,0.4668035640777138,0.4722222222222222,,,,,,,,,
egemaps,speaker_independent,emotion_original,random_forest,none,1,88,88,672,192,0.3651615050002874,0.3863138573234435,0.3986742424242424,0.3986742424242424,0.3993290628523434,0.4114583333333333,,,,,,,,,
egemaps,speaker_independent,emotion_original,random_forest,none,2,88,88,672,192,0.4047569550002663,0.4018722801433655,0.3900297619047619,0.3900297619047619,0.39912214102366,0.390625,,,,,,,,,
egemaps,speaker_independent,emotion_original,random_forest,none,3,88,88,720,144,0.3619843129999935,0.4690992546691076,0.4791666666666666,0.4791666666666666,0.4675664830382968,0.4930555555555556,,,,,,,,,
egemaps,speaker_independent,emotion_original,random_forest,none,4,88,88,672,192,0.3958048559998133,0.4256028517288115,0.4289663461538461,0.4289663461538461,0.4316539743636577,0.4375,,,,,,,,,
egemaps,speaker_independent,emotion_original,logistic_regression,none,0,88,88,720,144,0.0277622880003036,0.3335350633025051,0.3691287878787879,0.3691287878787879,0.3443190241736753,0.3680555555555556,,,,,,,,,
egemaps,speaker_independent,emotion_original,logistic_regression,none,1,88,88,672,192,0.0311174170001322,0.3705811567306767,0.3938717532467533,0.3938717532467533,0.3954748834069738,0.4166666666666667,,,,,,,,,
egemaps,speaker_independent,emotion_original,logistic_regression,none,2,88,88,672,192,0.0284294489993044,0.4513174512055109,0.4490499084249084,0.4490499084249084,0.4732796919084232,0.46875,,,,,,,,,
egemaps,speaker_independent,emotion_original,logistic_regression,none,3,88,88,720,144,0.0267299160004768,0.5524308615031546,0.5701704545454546,0.5701704545454546,0.5405873163845804,0.5555555555555556,,,,,,,,,
egemaps,speaker_independent,emotion_original,logistic_regression,none,4,88,88,672,192,0.0263610259989945,0.5168514780889455,0.5177083333333334,0.5177083333333334,0.5283955957360043,0.5260416666666666,,,,,,,,,
egemaps,speaker_independent,emotion_original,mlp,none,0,88,88,720,144,0.5846776420003152,0.4044361878508219,0.4463834776334776,0.4463834776334776,0.4058565978078172,0.4375,,,,,,,,,
egemaps,speaker_independent,emotion_original,mlp,none,1,88,88,672,192,0.7008197529994504,0.3802818417394276,0.3906926406926406,0.3906926406926406,0.3998142119932673,0.4114583333333333,,,,,,,,,
egemaps,speaker_independent,emotion_original,mlp,none,2,88,88,672,192,0.4957907160005561,0.4161925924254498,0.4174336080586081,0.4174336080586081,0.438500288302865,0.4427083333333333,,,,,,,,,
egemaps,speaker_independent,emotion_original,mlp,none,3,88,88,720,144,0.6471078369995666,0.511656683221051,0.509185606060606,0.509185606060606,0.5096467883540132,0.5138888888888888,,,,,,,,,
egemaps,speaker_independent,emotion_original,mlp,none,4,88,88,672,192,0.5738283779992344,0.4784850800236938,0.4903445512820513,0.4903445512820513,0.4826960729314953,0.4895833333333333,,,,,,,,,
egemaps,speaker_independent,emotion_quadrant,random_forest,none,0,88,88,720,144,0.4038953109993599,0.5952136196052917,0.6098824786324787,0.6098824786324787,0.6364963011156894,0.6597222222222222,,,,,,,,,
egemaps,speaker_independent,emotion_quadrant,random_forest,none,1,88,88,672,192,0.3523911380016216,0.4101408614442657,0.4270594965675057,0.4270594965675057,0.4604844735941304,0.4947916666666667,,,,,,,,,
egemaps,speaker_independent,emotion_quadrant,random_forest,none,2,88,88,672,192,0.3419411849990865,0.4663442066082119,0.4668522267206478,0.4668522267206478,0.5299150405365495,0.5625,,,,,,,,,
egemaps,speaker_independent,emotion_quadrant,random_forest,none,3,88,88,720,144,0.3288103440008854,0.6014818973691138,0.6224789915966387,0.6224789915966387,0.6440620435320457,0.6666666666666666,,,,,,,,,
egemaps,speaker_independent,emotion_quadrant,random_forest,none,4,88,88,672,192,0.3265014959997643,0.4930706671236055,0.5167696886446886,0.5167696886446886,0.5687598247093147,0.625,,,,,,,,,
egemaps,speaker_independent,emotion_quadrant,logistic_regression,none,0,88,88,720,144,0.0338773399998899,0.4821369358646018,0.4954311211664153,0.4954311211664153,0.5337169633882151,0.5347222222222222,,,,,,,,,
egemaps,speaker_independent,emotion_quadrant,logistic_regression,none,1,88,88,672,192,0.0357937739991029,0.5840934761001175,0.602974828375286,0.602974828375286,0.605095008433481,0.5989583333333334,,,,,,,,,
egemaps,speaker_independent,emotion_quadrant,logistic_regression,none,2,88,88,672,192,0.0387147040000854,0.5658165725306517,0.5784412955465587,0.5784412955465587,0.5845715950314552,0.578125,,,,,,,,,
egemaps,speaker_independent,emotion_quadrant,logistic_regression,none,3,88,88,720,144,0.0415026509999734,0.6430932798857327,0.6743172268907562,0.6743172268907562,0.6570468024870542,0.6527777777777778,,,,,,,,,
egemaps,speaker_independent,emotion_quadrant,logistic_regression,none,4,88,88,672,192,0.0333105970003089,0.6073548214641444,0.6057692307692307,0.6057692307692307,0.6399098363946449,0.640625,,,,,,,,,
egemaps,speaker_independent,emotion_quadrant,mlp,none,0,88,88,720,144,0.5232381139994686,0.4773739661214748,0.4883295625942685,0.4883295625942685,0.5310774550135664,0.5486111111111112,,,,,,,,,
egemaps,speaker_independent,emotion_quadrant,mlp,none,1,88,88,672,192,0.2682264430004579,0.5113706587566432,0.5074575024517816,0.5074575024517816,0.5359701289983303,0.5364583333333334,,,,,,,,,
egemaps,speaker_independent,emotion_quadrant,mlp,none,2,88,88,672,192,0.2589416089995211,0.5417792110824936,0.5242914979757085,0.5242914979757085,0.5777589697068454,0.5885416666666666,,,,,,,,,
egemaps,speaker_independent,emotion_quadrant,mlp,none,3,88,88,720,144,0.3786131050001131,0.645284820399125,0.6614495798319328,0.6614495798319328,0.6685378598797094,0.6597222222222222,,,,,,,,,
egemaps,speaker_independent,emotion_quadrant,mlp,none,4,88,88,672,192,0.5811128080003982,0.5588440719399337,0.5414949633699633,0.5414949633699633,0.5986991444037018,0.6041666666666666,,,,,,,,,
egemaps,speaker_independent,emotion_original_eval_quadrant,random_forest,none,0,88,88,720,144,0.3798616069998388,0.6503401360544219,0.6626602564102564,0.6626602564102564,0.6893801965230537,0.7013888888888888,0.4470303141850998,0.4495400432900432,0.4495400432900432,0.4668035640777138,0.4722222222222222,,,,
egemaps,speaker_independent,emotion_original_eval_quadrant,random_forest,none,1,88,88,672,192,0.4029027270007645,0.517040284528372,0.5220592241473248,0.5220592241473248,0.5488494838242708,0.5520833333333334,0.3863138573234435,0.3986742424242424,0.3986742424242424,0.3993290628523434,0.4114583333333333,,,,
egemaps,speaker_independent,emotion_original_eval_quadrant,random_forest,none,2,88,88,672,192,0.3635353460012993,0.5019546135749413,0.4767206477732794,0.4767206477732794,0.5252754220661818,0.5260416666666666,0.4018722801433655,0.3900297619047619,0.3900297619047619,0.39912214102366,0.390625,,,,
egemaps,speaker_independent,emotion_original_eval_quadrant,random_forest,none,3,88,88,720,144,0.3908645329993305,0.5818887853370611,0.616859243697479,0.616859243697479,0.6149520209865038,0.6319444444444444,0.4690992546691076,0.4791666666666666,0.4791666666666666,0.4675664830382968,0.4930555555555556,,,,
egemaps,speaker_independent,emotion_original_eval_quadrant,random_forest,none,4,88,88,672,192,0.3434390049987996,0.527021827021827,0.5301053113553114,0.5301053113553114,0.5703681766181766,0.578125,0.4256028517288115,0.4289663461538461,0.4289663461538461,0.4316539743636577,0.4375,,,,
egemaps,speaker_independent,emotion_original_eval_quadrant,logistic_regression,none,0,88,88,720,144,0.0404200810007751,0.5382569051717072,0.5535476370035194,0.5535476370035194,0.585870750576,0.5972222222222222,0.3335350633025051,0.3691287878787879,0.3691287878787879,0.3443190241736753,0.3680555555555556,,,,
egemaps,speaker_independent,emotion_original_eval_quadrant,logistic_regression,none,1,88,88,672,192,0.0712849400006234,0.5153767919411081,0.508288384003487,0.508288384003487,0.5375749332730638,0.5416666666666666,0.3705811567306767,0.3938717532467533,0.3938717532467533,0.3954748834069738,0.4166666666666667,,,,
egemaps,speaker_independent,emotion_original_eval_quadrant,logistic_regression,none,2,88,88,672,192,0.0600837359997967,0.6069053396980955,0.5961538461538461,0.5961538461538461,0.6150525220943204,0.6145833333333334,0.4513174512055109,0.4490499084249084,0.4490499084249084,0.4732796919084232,0.46875,,,,
egemaps,speaker_independent,emotion_original_eval_quadrant,logistic_regression,none,3,88,88,720,144,0.0568263570003182,0.662814275137566,0.6767857142857142,0.6767857142857142,0.673823955743094,0.6736111111111112,0.5524308615031546,0.5701704545454546,0.5701704545454546,0.5405873163845804,0.5555555555555556,,,,
egemaps,speaker_independent,emotion_original_eval_quadrant,logistic_regression,none,4,88,88,672,192,0.0564374049990874,0.5664603296182245,0.5483630952380952,0.5483630952380952,0.607862480395375,0.6197916666666666,0.5168514780889455,0.5177083333333334,0.5177083333333334,0.5283955957360043,0.5260416666666666,,,,
egemaps,speaker_independent,emotion_original_eval_quadrant,mlp,none,0,88,88,720,144,0.6310418040011427,0.5528671328671328,0.5635023881347411,0.5635023881347411,0.6029435379435379,0.6111111111111112,0.4044361878508219,0.4463834776334776,0.4463834776334776,0.4058565978078172,0.4375,,,,
egemaps,speaker_independent,emotion_original_eval_quadrant,mlp,none,1,88,88,672,192,0.4924849580002046,0.528851627415611,0.5271466710253896,0.5271466710253896,0.5426599253805052,0.5416666666666666,0.3802818417394276,0.3906926406926406,0.3906926406926406,0.3998142119932673,0.4114583333333333,,,,
egemaps,speaker_independent,emotion_original_eval_quadrant,mlp,none,2,88,88,672,192,0.5595019699994737,0.5351514118006067,0.520242914979757,0.520242914979757,0.567231868080362,0.5677083333333334,0.4161925924254498,0.4174336080586081,0.4174336080586081,0.438500288302865,0.4427083333333333,,,,
egemaps,speaker_independent,emotion_original_eval_quadrant,mlp,none,3,88,88,720,144,0.6202130229994509,0.6518782169169933,0.6629726890756302,0.6629726890756302,0.6817746420674671,0.6736111111111112,0.511656683221051,0.509185606060606,0.509185606060606,0.5096467883540132,0.5138888888888888,,,,
egemaps,speaker_independent,emotion_original_eval_quadrant,mlp,none,4,88,88,672,192,0.4420321450015763,0.5953068500127323,0.5976991758241759,0.5976991758241759,0.6389454418130889,0.640625,0.4784850800236938,0.4903445512820513,0.4903445512820513,0.4826960729314953,0.4895833333333333,,,,
wav2vec,speaker_dependent,emotion_original,random_forest,none,0,768,768,690,174,0.5005258999990474,0.4560032166415145,0.472014097014097,0.472014097014097,0.4848761737976704,0.5114942528735632,,,,,,,,,
wav2vec,speaker_dependent,emotion_original,random_forest,none,1,768,768,690,174,0.5105980749995069,0.4584533787323205,0.4791120337995338,0.4791120337995338,0.4752732641137837,0.5057471264367817,,,,,,,,,
wav2vec,speaker_dependent,emotion_original,random_forest,none,2,768,768,692,172,0.4682977550000942,0.398213158000392,0.4255681818181818,0.4255681818181818,0.4392131152150945,0.4534883720930232,,,,,,,,,
wav2vec,speaker_dependent,emotion_original,random_forest,none,3,768,768,692,172,0.5036431870012166,0.3912259843440605,0.4219975490196079,0.4219975490196079,0.405594023066696,0.4302325581395348,,,,,,,,,
wav2vec,speaker_dependent,emotion_original,random_forest,none,4,768,768,692,172,0.5267840559990873,0.381374876608176,0.4041652791652791,0.4041652791652791,0.402480883102645,0.4244186046511627,,,,,,,,,
wav2vec,speaker_dependent,emotion_original,logistic_regression,none,0,768,768,690,174,5.510024698000052,0.5859198514396621,0.5898573648573648,0.5898573648573648,0.6063371499326908,0.6091954022988506,,,,,,,,,
wav2vec,speaker_dependent,emotion_original,logistic_regression,none,1,768,768,690,174,5.841497306000747,0.6723167929494918,0.6835227272727273,0.6835227272727273,0.6772684311993885,0.6781609195402298,,,,,,,,,
wav2vec,speaker_dependent,emotion_original,logistic_regression,none,2,768,768,692,172,5.417285969999284,0.5534281087476368,0.5616341991341991,0.5616341991341991,0.5855720934286435,0.5813953488372093,,,,,,,,,
wav2vec,speaker_dependent,emotion_original,logistic_regression,none,3,768,768,692,172,5.032340914000088,0.5421846454199395,0.5570874183006536,0.5570874183006536,0.5681957789892127,0.5697674418604651,,,,,,,,,
wav2vec,speaker_dependent,emotion_original,logistic_regression,none,4,768,768,692,172,5.670540704999439,0.5529883466872499,0.5577426046176046,0.5577426046176046,0.5766204908610251,0.5813953488372093,,,,,,,,,
wav2vec,speaker_dependent,emotion_original,mlp,none,0,768,768,690,174,3.684917821999989,0.5702795775497129,0.5726683039183039,0.5726683039183039,0.5936440291590585,0.5977011494252874,,,,,,,,,
wav2vec,speaker_dependent,emotion_original,mlp,none,1,768,768,690,174,2.753076135999436,0.5549632227578849,0.5597792832167832,0.5597792832167832,0.5649960285346857,0.5689655172413793,,,,,,,,,
wav2vec,speaker_dependent,emotion_original,mlp,none,2,768,768,692,172,1.9808637850001105,0.4742589194933812,0.4804991883116883,0.4804991883116883,0.5050070802645461,0.5058139534883721,,,,,,,,,
wav2vec,speaker_dependent,emotion_original,mlp,none,3,768,768,692,172,1.8756546879994855,0.4401982205571367,0.461499183006536,0.461499183006536,0.4634311821344782,0.4651162790697674,,,,,,,,,
wav2vec,speaker_dependent,emotion_original,mlp,none,4,768,768,692,172,1.3389260219992138,0.4844792824739817,0.4830939893439893,0.4830939893439893,0.5086789207764624,0.5058139534883721,,,,,,,,,
wav2vec,speaker_dependent,emotion_quadrant,random_forest,none,0,768,768,690,174,0.5170531170006143,0.5505299872340503,0.5609848484848485,0.5609848484848485,0.6264244420493766,0.6609195402298851,,,,,,,,,
wav2vec,speaker_dependent,emotion_quadrant,random_forest,none,1,768,768,690,174,0.4924523849986144,0.5451452326452326,0.5454592508940335,0.5454592508940335,0.6036259513271007,0.6264367816091954,,,,,,,,,
wav2vec,speaker_dependent,emotion_quadrant,random_forest,none,2,768,768,692,172,0.526090438999745,0.4882487294818622,0.5296992481203007,0.5296992481203007,0.5515695738585034,0.5872093023255814,,,,,,,,,
wav2vec,speaker_dependent,emotion_quadrant,random_forest,none,3,768,768,692,172,0.5198853550009517,0.5021229699944559,0.5477304864253394,0.5477304864253394,0.5531420176045188,0.6104651162790697,,,,,,,,,
wav2vec,speaker_dependent,emotion_quadrant,random_forest,none,4,768,768,692,172,0.4998286940008256,0.4928245222139489,0.515095589893977,0.515095589893977,0.5484168845636577,0.5872093023255814,,,,,,,,,
wav2vec,speaker_dependent,emotion_quadrant,logistic_regression,none,0,768,768,690,174,4.217004229998565,0.7198280175109444,0.7333333333333333,0.7333333333333333,0.7626332549797645,0.7528735632183908,,,,,,,,,
wav2vec,speaker_dependent,emotion_quadrant,logistic_regression,none,1,768,768,690,174,3.826127967999128,0.6310965904295928,0.6377517410126106,0.6377517410126106,0.6675090114324063,0.6666666666666666,,,,,,,,,
wav2vec,speaker_dependent,emotion_quadrant,logistic_regression,none,2,768,768,692,172,3.776777671999298,0.6375997354417822,0.6441416040100251,0.6441416040100251,0.6858706615144,0.686046511627907,,,,,,,,,
wav2vec,speaker_dependent,emotion_quadrant,logistic_regression,none,3,768,768,692,172,3.356853372999467,0.6616023979576247,0.6638150452488688,0.6638150452488688,0.6842324543849831,0.6918604651162791,,,,,,,,,
wav2vec,speaker_dependent,emotion_quadrant,logistic_regression,none,4,768,768,692,172,4.44588326900157,0.6821291696898661,0.6864454094292805,0.6864454094292805,0.698340928649029,0.6976744186046512,,,,,,,,,
wav2vec,speaker_dependent,emotion_quadrant,mlp,none,0,768,768,690,174,3.649494854000295,0.6847317547471974,0.6920454545454545,0.6920454545454545,0.7223019009827047,0.7241379310344828,,,,,,,,,
wav2vec,speaker_dependent,emotion_quadrant,mlp,none,1,768,768,690,174,2.886555253000552,0.6026022100382442,0.601357519292302,0.601357519292302,0.6488278950855231,0.6551724137931034,,,,,,,,,
wav2vec,speaker_dependent,emotion_quadrant,mlp,none,2,768,768,692,172,1.2527731469999708,0.4837562426556992,0.494548872180451,0.494548872180451,0.5474214672205067,0.563953488372093,,,,,,,,,
wav2vec,speaker_dependent,emotion_quadrant,mlp,none,3,768,768,692,172,1.951115469000797,0.6155310066610377,0.6260534502262444,0.6260534502262444,0.6323961626488807,0.6511627906976745,,,,,,,,,
wav2vec,speaker_dependent,emotion_quadrant,mlp,none,4,768,768,692,172,1.0975957669998024,0.6096800488092631,0.6039941912925784,0.6039941912925784,0.642354509550972,0.6511627906976745,,,,,,,,,
wav2vec,speaker_dependent,emotion_original_eval_quadrant,random_forest,none,0,768,768,690,174,0.5644409239994275,0.6248574803531237,0.6299242424242424,0.6299242424242424,0.686402592859393,0.6896551724137931,0.4560032166415145,0.472014097014097,0.472014097014097,0.4848761737976704,0.5114942528735632,,,,
wav2vec,speaker_dependent,emotion_original_eval_quadrant,random_forest,none,1,768,768,690,174,0.5086472439998033,0.6094028115153524,0.613278750235272,0.613278750235272,0.6648133206678402,0.6724137931034483,0.4584533787323205,0.4791120337995338,0.4791120337995338,0.4752732641137837,0.5057471264367817,,,,
wav2vec,speaker_dependent,emotion_original_eval_quadrant,random_forest,none,2,768,768,692,172,0.5149632660013594,0.5364304993252362,0.5645676691729323,0.5645676691729323,0.5926893261776983,0.6104651162790697,0.398213158000392,0.4255681818181818,0.4255681818181818,0.4392131152150945,0.4534883720930232,,,,
wav2vec,speaker_dependent,emotion_original_eval_quadrant,random_forest,none,3,768,768,692,172,0.5301582430001872,0.54332766814591,0.5664946266968326,0.5664946266968326,0.579475918927801,0.5988372093023255,0.3912259843440605,0.4219975490196079,0.4219975490196079,0.405594023066696,0.4302325581395348,,,,
wav2vec,speaker_dependent,emotion_original_eval_quadrant,random_forest,none,4,768,768,692,172,0.5641773479983385,0.5345285977638919,0.5396458380329348,0.5396458380329348,0.567512904585408,0.5872093023255814,0.381374876608176,0.4041652791652791,0.4041652791652791,0.402480883102645,0.4244186046511627,,,,
wav2vec,speaker_dependent,emotion_original_eval_quadrant,logistic_regression,none,0,768,768,690,174,5.520937014000083,0.7171853358483642,0.7276515151515152,0.7276515151515152,0.7570036092550194,0.7528735632183908,0.5859198514396621,0.5898573648573648,0.5898573648573648,0.6063371499326908,0.6091954022988506,,,,
wav2vec,speaker_dependent,emotion_original_eval_quadrant,logistic_regression,none,1,768,768,690,174,6.561862872000347,0.7326190839549035,0.7380387728213815,0.7380387728213815,0.759379072219675,0.7586206896551724,0.6723167929494918,0.6835227272727273,0.6835227272727273,0.6772684311993885,0.6781609195402298,,,,
wav2vec,speaker_dependent,emotion_original_eval_quadrant,logistic_regression,none,2,768,768,692,172,5.89584667499912,0.6413144213381555,0.6521303258145363,0.6521303258145363,0.676938159720762,0.6744186046511628,0.5534281087476368,0.5616341991341991,0.5616341991341991,0.5855720934286435,0.5813953488372093,,,,
wav2vec,speaker_dependent,emotion_original_eval_quadrant,logistic_regression,none,3,768,768,692,172,5.148048252998706,0.6872846503017367,0.6922016402714932,0.6922016402714932,0.730300898560477,0.7325581395348837,0.5421846454199395,0.5570874183006536,0.5570874183006536,0.5681957789892127,0.5697674418604651,,,,
wav2vec,speaker_dependent,emotion_original_eval_quadrant,logistic_regression,none,4,768,768,692,172,4.811832495999624,0.6479876043511258,0.6571495037220844,0.6571495037220844,0.6573475546979334,0.6569767441860465,0.5529883466872499,0.5577426046176046,0.5577426046176046,0.5766204908610251,0.5813953488372093,,,,
wav2vec,speaker_dependent,emotion_original_eval_quadrant,mlp,none,0,768,768,690,174,0.9578976749999129,0.6453070583229589,0.6522727272727273,0.6522727272727273,0.6966379079398322,0.6896551724137931,0.5702795775497129,0.5726683039183039,0.5726683039183039,0.5936440291590585,0.5977011494252874,,,,
wav2vec,speaker_dependent,emotion_original_eval_quadrant,mlp,none,1,768,768,690,174,0.6515356330000941,0.6296020550330895,0.6371235648409561,0.6371235648409561,0.6652003587199782,0.6609195402298851,0.5549632227578849,0.5597792832167832,0.5597792832167832,0.5649960285346857,0.5689655172413793,,,,
wav2vec,speaker_dependent,emotion_original_eval_quadrant,mlp,none,2,768,768,692,172,0.6311319560008997,0.569086822376296,0.5779135338345864,0.5779135338345864,0.6177225770249026,0.622093023255814,0.4742589194933812,0.4804991883116883,0.4804991883116883,0.5050070802645461,0.5058139534883721,,,,
wav2vec,speaker_dependent,emotion_original_eval_quadrant,mlp,none,3,768,768,692,172,2.6218764650002413,0.5591161715254275,0.5724052601809955,0.5724052601809955,0.5938446043223826,0.6046511627906976,0.4401982205571367,0.461499183006536,0.461499183006536,0.4634311821344782,0.4651162790697674,,,,
wav2vec,speaker_dependent,emotion_original_eval_quadrant,mlp,none,4,768,768,692,172,3.2394920860006096,0.603063725490196,0.6028662869388677,0.6028662869388677,0.6219106247150022,0.622093023255814,0.4844792824739817,0.4830939893439893,0.4830939893439893,0.5086789207764624,0.5058139534883721,,,,
wav2vec,speaker_independent,emotion_original,random_forest,none,0,768,768,720,144,0.8228951549990597,0.3627185260360506,0.4109307359307359,0.4109307359307359,0.3678391548522585,0.4166666666666667,,,,,,,,,
wav2vec,speaker_independent,emotion_original,random_forest,none,1,768,768,672,192,0.7484828870001365,0.3219600678981553,0.333400974025974,0.333400974025974,0.3258978833309982,0.3385416666666667,,,,,,,,,
wav2vec,speaker_independent,emotion_original,random_forest,none,2,768,768,672,192,0.7552107100000285,0.4315342133098198,0.4405792124542124,0.4405792124542124,0.4474683414752485,0.4635416666666667,,,,,,,,,
wav2vec,speaker_independent,emotion_original,random_forest,none,3,768,768,720,144,0.7928856080015976,0.3856304832300899,0.4001578282828283,0.4001578282828283,0.4066917135936458,0.4236111111111111,,,,,,,,,
wav2vec,speaker_independent,emotion_original,random_forest,none,4,768,768,672,192,0.7306351460010774,0.4025141385739212,0.4313701923076923,0.4313701923076923,0.4236440126249909,0.4635416666666667,,,,,,,,,
wav2vec,speaker_independent,emotion_original,logistic_regression,none,0,768,768,720,144,5.2369754070005,0.5194927950228908,0.5351010101010101,0.5351010101010101,0.5285735241788593,0.5347222222222222,,,,,,,,,
wav2vec,speaker_independent,emotion_original,logistic_regression,none,1,768,768,672,192,4.600512562999938,0.4978700980213117,0.4983766233766233,0.4983766233766233,0.5044451122778973,0.5,,,,,,,,,
wav2vec,speaker_independent,emotion_original,logistic_regression,none,2,768,768,672,192,5.377000913998927,0.4609526352054472,0.4541781135531135,0.4541781135531135,0.4883805714907285,0.484375,,,,,,,,,
wav2vec,speaker_independent,emotion_original,logistic_regression,none,3,768,768,720,144,5.342572149998887,0.4965608832224686,0.5227588383838384,0.5227588383838384,0.5256189948263119,0.5555555555555556,,,,,,,,,
wav2vec,speaker_independent,emotion_original,logistic_regression,none,4,768,768,672,192,5.880268660001093,0.4982082605566758,0.4957932692307692,0.4957932692307692,0.4949909482080075,0.5052083333333334,,,,,,,,,
wav2vec,speaker_independent,emotion_original,mlp,none,0,768,768,720,144,2.120307283999864,0.4776884832919316,0.5139790764790764,0.5139790764790764,0.4787551050482085,0.5,,,,,,,,,
wav2vec,speaker_independent,emotion_original,mlp,none,1,768,768,672,192,2.581368253000619,0.4116575413448156,0.4199810606060606,0.4199810606060606,0.4145674145332214,0.421875,,,,,,,,,
wav2vec,speaker_independent,emotion_original,mlp,none,2,768,768,672,192,0.7616721159993176,0.5001756052220274,0.4914033882783882,0.4914033882783882,0.5174563108577438,0.515625,,,,,,,,,
wav2vec,speaker_independent,emotion_original,mlp,none,3,768,768,720,144,0.7639246520011511,0.404324462793651,0.4276357323232323,0.4276357323232323,0.4290525370947803,0.4583333333333333,,,,,,,,,
wav2vec,speaker_independent,emotion_original,mlp,none,4,768,768,672,192,0.8779215069989732,0.486545478558365,0.4975961538461538,0.4975961538461538,0.4884799898444221,0.515625,,,,,,,,,
wav2vec,speaker_independent,emotion_quadrant,random_forest,none,0,768,768,720,144,0.5970131150006637,0.4885658914728682,0.5394796380090497,0.5394796380090497,0.5739233419465977,0.6319444444444444,,,,,,,,,
wav2vec,speaker_independent,emotion_quadrant,random_forest,none,1,768,768,672,192,0.527630559001409,0.4355640921211943,0.4560381933093603,0.4560381933093603,0.4954632896451192,0.5364583333333334,,,,,,,,,
wav2vec,speaker_independent,emotion_quadrant,random_forest,none,2,768,768,672,192,0.5228469450012199,0.4770164812299643,0.5101214574898786,0.5101214574898786,0.5473412831792982,0.59375,,,,,,,,,
wav2vec,speaker_independent,emotion_quadrant,random_forest,none,3,768,768,720,144,0.5490948420010682,0.5805526977855064,0.5817752100840337,0.5817752100840337,0.6339314587036211,0.6527777777777778,,,,,,,,,
wav2vec,speaker_independent,emotion_quadrant,random_forest,none,4,768,768,672,192,0.5103613450010016,0.4556202009565179,0.4693223443223443,0.4693223443223443,0.5416739063665482,0.5989583333333334,,,,,,,,,
wav2vec,speaker_independent,emotion_quadrant,logistic_regression,none,0,768,768,720,144,3.3146064709999337,0.5551372024198111,0.5575069130216189,0.5575069130216189,0.606843437640539,0.625,,,,,,,,,
wav2vec,speaker_independent,emotion_quadrant,logistic_regression,none,1,768,768,672,192,1.891414411000369,0.5516371899880341,0.5625476735316552,0.5625476735316552,0.582741466749893,0.5729166666666666,,,,,,,,,
wav2vec,speaker_independent,emotion_quadrant,logistic_regression,none,2,768,768,672,192,1.989203795999856,0.5899753840930311,0.590080971659919,0.590080971659919,0.6253580977845684,0.6197916666666666,,,,,,,,,
wav2vec,speaker_independent,emotion_quadrant,logistic_regression,none,3,768,768,720,144,4.97455805699974,0.684525448653104,0.6879726890756303,0.6879726890756303,0.6925150982020573,0.6875,,,,,,,,,
wav2vec,speaker_independent,emotion_quadrant,logistic_regression,none,4,768,768,672,192,3.854936514000656,0.6956004267050779,0.6841804029304029,0.6841804029304029,0.7434719471420053,0.7604166666666666,,,,,,,,,
wav2vec,speaker_independent,emotion_quadrant,mlp,none,0,768,768,720,144,4.646042538999609,0.6028597779750813,0.5980140774258421,0.5980140774258421,0.6295012606972514,0.6388888888888888,,,,,,,,,
wav2vec,speaker_independent,emotion_quadrant,mlp,none,1,768,768,672,192,1.227434929998708,0.4594723294723294,0.4609417565653264,0.4609417565653264,0.5069342556842557,0.5104166666666666,,,,,,,,,
wav2vec,speaker_independent,emotion_quadrant,mlp,none,2,768,768,672,192,1.2926885720007704,0.5513895985919491,0.5513663967611336,0.5513663967611336,0.5860387805408883,0.5833333333333334,,,,,,,,,
wav2vec,speaker_independent,emotion_quadrant,mlp,none,3,768,768,720,144,1.387133868998717,0.6328148803381002,0.6271008403361344,0.6271008403361344,0.6508586280516105,0.6527777777777778,,,,,,,,,
wav2vec,speaker_independent,emotion_quadrant,mlp,none,4,768,768,672,192,2.0918284630006383,0.5458972200370784,0.5626144688644689,0.5626144688644689,0.6364136385174145,0.6822916666666666,,,,,,,,,
wav2vec,speaker_independent,emotion_original_eval_quadrant,random_forest,none,0,768,768,720,144,0.6104423060005502,0.4852482889180137,0.5352941176470588,0.5352941176470588,0.5691681633577658,0.6180555555555556,0.3627185260360506,0.4109307359307359,0.4109307359307359,0.3678391548522585,0.4166666666666667,,,,
wav2vec,speaker_independent,emotion_original_eval_quadrant,random_forest,none,1,768,768,672,192,0.5464634579984704,0.4563167040628899,0.4660904979840906,0.4660904979840906,0.4980343554372681,0.5052083333333334,0.3219600678981553,0.333400974025974,0.333400974025974,0.3258978833309982,0.3385416666666667,,,,
wav2vec,speaker_independent,emotion_original_eval_quadrant,random_forest,none,2,768,768,672,192,0.5430053069994756,0.5558555083084112,0.5673076923076923,0.5673076923076923,0.5957394858692036,0.609375,0.4315342133098198,0.4405792124542124,0.4405792124542124,0.4474683414752485,0.4635416666666667,,,,
wav2vec,speaker_independent,emotion_original_eval_quadrant,random_forest,none,3,768,768,720,144,0.5749099940003362,0.5599274107740477,0.564390756302521,0.564390756302521,0.6019284903895907,0.5972222222222222,0.3856304832300899,0.4001578282828283,0.4001578282828283,0.4066917135936458,0.4236111111111111,,,,
wav2vec,speaker_independent,emotion_original_eval_quadrant,random_forest,none,4,768,768,672,192,0.5735498640005972,0.4992812904772103,0.4963942307692308,0.4963942307692308,0.5794304697141226,0.6145833333333334,0.4025141385739212,0.4313701923076923,0.4313701923076923,0.4236440126249909,0.4635416666666667,,,,
wav2vec,speaker_independent,emotion_original_eval_quadrant,logistic_regression,none,0,768,768,720,144,4.815330482999343,0.5823424428514875,0.5943250377073906,0.5943250377073906,0.6519386217177979,0.6666666666666666,0.5194927950228908,0.5351010101010101,0.5351010101010101,0.5285735241788593,0.5347222222222222,,,,
wav2vec,speaker_independent,emotion_original_eval_quadrant,logistic_regression,none,1,768,768,672,192,5.352798263000295,0.5931066913727613,0.6064073226544622,0.6064073226544622,0.6273159132079503,0.6197916666666666,0.4978700980213117,0.4983766233766233,0.4983766233766233,0.5044451122778973,0.5,,,,
wav2vec,speaker_independent,emotion_original_eval_quadrant,logistic_regression,none,2,768,768,672,192,5.469902065000497,0.5844801541904264,0.5784412955465587,0.5784412955465587,0.5967845585895044,0.59375,0.4609526352054472,0.4541781135531135,0.4541781135531135,0.4883805714907285,0.484375,,,,
wav2vec,speaker_independent,emotion_original_eval_quadrant,logistic_regression,none,3,768,768,720,144,6.712888469999598,0.6505622426354134,0.6492121848739496,0.6492121848739496,0.6713982156055327,0.6666666666666666,0.4965608832224686,0.5227588383838384,0.5227588383838384,0.5256189948263119,0.5555555555555556,,,,
wav2vec,speaker_independent,emotion_original_eval_quadrant,logistic_regression,none,4,768,768,672,192,5.1358536389998335,0.6188468394350748,0.6033653846153847,0.6033653846153847,0.6552773207184971,0.6770833333333334,0.4982082605566758,0.4957932692307692,0.4957932692307692,0.4949909482080075,0.5052083333333334,,,,
wav2vec,speaker_independent,emotion_original_eval_quadrant,mlp,none,0,768,768,720,144,3.700615690000632,0.5537788000011422,0.5684514831573655,0.5684514831573655,0.6014424628159113,0.625,0.4776884832919316,0.5139790764790764,0.5139790764790764,0.4787551050482085,0.5,,,,
wav2vec,speaker_independent,emotion_original_eval_quadrant,mlp,none,1,768,768,672,192,3.8843105159994593,0.5172881488430269,0.5325065380843412,0.5325065380843412,0.5488394439232854,0.5416666666666666,0.4116575413448156,0.4199810606060606,0.4199810606060606,0.4145674145332214,0.421875,,,,
wav2vec,speaker_independent,emotion_original_eval_quadrant,mlp,none,2,768,768,672,192,1.6814939559990307,0.6024260066506398,0.6077935222672065,0.6077935222672065,0.6429964991543115,0.6354166666666666,0.5001756052220274,0.4914033882783882,0.4914033882783882,0.5174563108577438,0.515625,,,,
wav2vec,speaker_independent,emotion_original_eval_quadrant,mlp,none,3,768,768,720,144,1.5775571150006726,0.5637279937109609,0.5857142857142857,0.5857142857142857,0.5942721925715182,0.5833333333333334,0.404324462793651,0.4276357323232323,0.4276357323232323,0.4290525370947803,0.4583333333333333,,,,
wav2vec,speaker_independent,emotion_original_eval_quadrant,mlp,none,4,768,768,672,192,1.5317377249994024,0.5391792619515392,0.5347985347985348,0.5347985347985348,0.6009065111787885,0.625,0.486545478558365,0.4975961538461538,0.4975961538461538,0.4884799898444221,0.515625,,,,
egemaps,speaker_dependent,emotion_original,logistic_regression,rfecv,0,88,48,690,174,1.0395497560002696,0.5739211010581978,0.586781968031968,0.586781968031968,0.5895437013123331,0.5919540229885057,,,,,,0.526148098029366,,,
egemaps,speaker_dependent,emotion_original,logistic_regression,rfecv,1,88,58,690,174,1.100773407999441,0.522749844509363,0.5236013986013986,0.5236013986013986,0.5392087553290267,0.5402298850574713,,,,,,0.5075158008615016,,,
egemaps,speaker_dependent,emotion_original,logistic_regression,rfecv,2,88,78,692,172,0.8781858649999776,0.4868405645083192,0.503612012987013,0.503612012987013,0.5101569997579352,0.5058139534883721,,,,,,0.5506740540994078,,,
egemaps,speaker_dependent,emotion_original,logistic_regression,rfecv,3,88,33,692,172,1.0431688219996431,0.4905401746770497,0.5120915032679739,0.5120915032679739,0.506204095113014,0.5058139534883721,,,,,,0.5402783162373196,,,
egemaps,speaker_dependent,emotion_original,logistic_regression,rfecv,4,88,28,692,172,1.1478111689993966,0.5775175127955334,0.5769303613053613,0.5769303613053613,0.5889359280978405,0.5872093023255814,,,,,,0.4942604516231957,,,
egemaps,speaker_dependent,emotion_quadrant,logistic_regression,rfecv,0,88,83,690,174,0.6794750249991921,0.6620873068328454,0.6772727272727272,0.6772727272727272,0.705822300507443,0.6954022988505747,,,,,,0.6215940748241836,,,
egemaps,speaker_dependent,emotion_quadrant,logistic_regression,rfecv,1,88,58,690,174,0.7677675560007629,0.5584610524611829,0.564937417654809,0.564937417654809,0.614808385865693,0.5977011494252874,,,,,,0.6106240706183818,,,
egemaps,speaker_dependent,emotion_quadrant,logistic_regression,rfecv,2,88,48,692,172,0.7860818600001949,0.6462602032317175,0.6696428571428572,0.6696428571428572,0.6708428731370749,0.6744186046511628,,,,,,0.6192234331987233,,,
egemaps,speaker_dependent,emotion_quadrant,logistic_regression,rfecv,3,88,53,692,172,0.9166441970010056,0.6585933966530981,0.669810520361991,0.669810520361991,0.6819005746461492,0.6802325581395349,,,,,,0.635867352807082,,,
egemaps,speaker_dependent,emotion_quadrant,logistic_regression,rfecv,4,88,38,692,172,0.8832566340006451,0.6235759854180907,0.6333281637717122,0.6333281637717122,0.6467558960827016,0.6453488372093024,,,,,,0.6321623332433293,,,
egemaps,speaker_dependent,emotion_original_eval_quadrant,logistic_regression,rfecv,0,88,48,690,174,1.0735778779999237,0.6950228305044227,0.6981060606060606,0.6981060606060606,0.7262759664872321,0.7241379310344828,0.5739211010581978,0.586781968031968,0.586781968031968,0.5895437013123331,0.5919540229885057,0.526148098029366,,,
egemaps,speaker_dependent,emotion_original_eval_quadrant,logistic_regression,rfecv,1,88,58,690,174,1.0005987730000925,0.5842343996972328,0.5881987577639751,0.5881987577639751,0.6421975136343759,0.6379310344827587,0.522749844509363,0.5236013986013986,0.5236013986013986,0.5392087553290267,0.5402298850574713,0.5075158008615016,,,
egemaps,speaker_dependent,emotion_original_eval_quadrant,logistic_regression,rfecv,2,88,78,692,172,0.8581962299995212,0.6293711523217513,0.644266917293233,0.644266917293233,0.6544885968671448,0.6627906976744186,0.4868405645083192,0.503612012987013,0.503612012987013,0.5101569997579352,0.5058139534883721,0.5506740540994078,,,
egemaps,speaker_dependent,emotion_original_eval_quadrant,logistic_regression,rfecv,3,88,33,692,172,1.0938777920000575,0.6036276482423956,0.608512443438914,0.608512443438914,0.6354807366772455,0.6453488372093024,0.4905401746770497,0.5120915032679739,0.5120915032679739,0.506204095113014,0.5058139534883721,0.5402783162373196,,,
egemaps,speaker_dependent,emotion_original_eval_quadrant,logistic_regression,rfecv,4,88,28,692,172,1.5185432719990786,0.63618477987008,0.639841811414392,0.639841811414392,0.6619620562901414,0.6627906976744186,0.5775175127955334,0.5769303613053613,0.5769303613053613,0.5889359280978405,0.5872093023255814,0.4942604516231957,,,
egemaps,speaker_independent,emotion_original,logistic_regression,rfecv,0,88,63,720,144,1.2473681249994115,0.401602812273544,0.438059163059163,0.438059163059163,0.4113607021804853,0.4305555555555556,,,,,,0.4929171634916196,,,
egemaps,speaker_independent,emotion_original,logistic_regression,rfecv,1,88,28,672,192,1.8988467999988643,0.3207539835535662,0.3417884199134199,0.3417884199134199,0.3354257919402064,0.3541666666666667,,,,,,0.5043233983665046,,,
egemaps,speaker_independent,emotion_original,logistic_regression,rfecv,2,88,38,672,192,1.7733145269994566,0.4419943437264789,0.4292239010989011,0.4292239010989011,0.470585784135058,0.4583333333333333,,,,,,0.4511588885115985,,,
egemaps,speaker_independent,emotion_original,logistic_regression,rfecv,3,88,43,720,144,1.453268757000842,0.5076273916341557,0.5219065656565657,0.5219065656565657,0.4971171173316108,0.5138888888888888,,,,,,0.4305889198832289,,,
egemaps,speaker_independent,emotion_original,logistic_regression,rfecv,4,88,63,672,192,1.1719962869992742,0.5686421276215581,0.5703125,0.5703125,0.5735742614599418,0.5729166666666666,,,,,,0.4344559523773419,,,
egemaps,speaker_independent,emotion_quadrant,logistic_regression,rfecv,0,88,43,720,144,0.9780758950000744,0.5131507836425868,0.5327331573655103,0.5327331573655103,0.5709561006692154,0.5833333333333334,,,,,,0.5482623888541945,,,
egemaps,speaker_independent,emotion_quadrant,logistic_regression,rfecv,1,88,38,672,192,0.9912916069988568,0.5484033830362295,0.5621730957829356,0.5621730957829356,0.57442338060676,0.5729166666666666,,,,,,0.6260967133846856,,,
egemaps,speaker_independent,emotion_quadrant,logistic_regression,rfecv,2,88,43,672,192,1.132510151001043,0.560494772961494,0.5597165991902834,0.5597165991902834,0.5764730038815673,0.5729166666666666,,,,,,0.5809444276821975,,,
egemaps,speaker_independent,emotion_quadrant,logistic_regression,rfecv,3,88,53,720,144,1.005131750000146,0.6141096356826694,0.6455357142857143,0.6455357142857143,0.6302648204895396,0.625,,,,,,0.5687030133388435,,,
egemaps,speaker_independent,emotion_quadrant,logistic_regression,rfecv,4,88,43,672,192,0.9812384729993936,0.6385031392414967,0.6332417582417582,0.6332417582417582,0.6820476868060581,0.6875,,,,,,0.5727971253607435,,,
egemaps,speaker_independent,emotion_original_eval_quadrant,logistic_regression,rfecv,0,88,63,720,144,1.2133598689997598,0.5514962199612192,0.5702300150829562,0.5702300150829562,0.6074307779641774,0.625,0.401602812273544,0.438059163059163,0.438059163059163,0.4113607021804853,0.4305555555555556,0.4929171634916196,,,
egemaps,speaker_independent,emotion_original_eval_quadrant,logistic_regression,rfecv,1,88,28,672,192,1.404985723000209,0.4725625233296006,0.4726353928299008,0.4726353928299008,0.502207524573846,0.5052083333333334,0.3207539835535662,0.3417884199134199,0.3417884199134199,0.3354257919402064,0.3541666666666667,0.5043233983665046,,,
egemaps,speaker_independent,emotion_original_eval_quadrant,logistic_regression,rfecv,2,88,38,672,192,1.2631546489992616,0.5734627302086062,0.5574392712550607,0.5574392712550607,0.5861093836373688,0.5833333333333334,0.4419943437264789,0.4292239010989011,0.4292239010989011,0.470585784135058,0.4583333333333333,0.4511588885115985,,,
egemaps,speaker_independent,emotion_original_eval_quadrant,logistic_regression,rfecv,3,88,43,720,144,1.2582746220014087,0.6083640303358614,0.6279411764705882,0.6279411764705882,0.6152497893342963,0.6111111111111112,0.5076273916341557,0.5219065656565657,0.5219065656565657,0.4971171173316108,0.5138888888888888,0.4305889198832289,,,
egemaps,speaker_independent,emotion_original_eval_quadrant,logistic_regression,rfecv,4,88,63,672,192,1.1853384529986215,0.6071554775012222,0.5867101648351648,0.5867101648351648,0.6462883027876379,0.6614583333333334,0.5686421276215581,0.5703125,0.5703125,0.5735742614599418,0.5729166666666666,0.4344559523773419,,,
egemaps,speaker_dependent,emotion_original,logistic_regression,pca_90,0,88,30,690,174,0.0304180260009161,0.4596420458027601,0.461831918081918,0.461831918081918,0.4764939096219884,0.4770114942528735,,,,,,,30.0,0.9005511999130249,
egemaps,speaker_dependent,emotion_original,logistic_regression,pca_90,1,88,31,690,174,0.03622394499871,0.4677447734452243,0.4700029137529137,0.4700029137529137,0.4840505698758167,0.4827586206896552,,,,,,,31.0,0.903415322303772,
egemaps,speaker_dependent,emotion_original,logistic_regression,pca_90,2,88,30,692,172,0.036684509999759,0.4290794340330759,0.4433441558441558,0.4433441558441558,0.4549670990467845,0.4418604651162791,,,,,,,30.0,0.901622712612152,
egemaps,speaker_dependent,emotion_original,logistic_regression,pca_90,3,88,30,692,172,0.0400510130002658,0.4826630851962208,0.50265522875817,0.50265522875817,0.492281939682188,0.4883720930232558,,,,,,,30.0,0.9004963040351868,
egemaps,speaker_dependent,emotion_original,logistic_regression,pca_90,4,88,30,692,172,0.0947898769991297,0.4680839689554752,0.4744221056721056,0.4744221056721056,0.4763459865162522,0.4767441860465116,,,,,,,30.0,0.9013755321502686,
egemaps,speaker_dependent,emotion_original,logistic_regression,pca_95,0,88,39,690,174,0.1178624740005034,0.4959340251362543,0.4975739538239538,0.4975739538239538,0.5095371180318378,0.5057471264367817,,,,,,,39.0,0.952889621257782,
egemaps,speaker_dependent,emotion_original,logistic_regression,pca_95,1,88,40,690,174,0.1899597600004199,0.5078156385404284,0.5126384032634033,0.5126384032634033,0.521679006828239,0.5229885057471264,,,,,,,40.0,0.9540280103683472,
egemaps,speaker_dependent,emotion_original,logistic_regression,pca_95,2,88,39,692,172,0.4532080589997349,0.4085724054091263,0.4130614177489178,0.4130614177489178,0.4403054041890844,0.4302325581395348,,,,,,,39.0,0.9524158239364624,
egemaps,speaker_dependent,emotion_original,logistic_regression,pca_95,3,88,39,692,172,0.0365621959990676,0.5164000209491519,0.5427287581699347,0.5427287581699347,0.5198214624190562,0.5174418604651163,,,,,,,39.0,0.9522209167480468,
egemaps,speaker_dependent,emotion_original,logistic_regression,pca_95,4,88,39,692,172,0.0765513930000452,0.5054936009685219,0.5112651237651238,0.5112651237651238,0.5012808286112476,0.5058139534883721,,,,,,,39.0,0.9529497623443604,
egemaps,speaker_dependent,emotion_quadrant,logistic_regression,pca_90,0,88,30,690,174,0.079149242999847,0.5723149026635744,0.5946969696969697,0.5946969696969697,0.6044109770963139,0.5977011494252874,,,,,,,30.0,0.9005511999130249,
egemaps,speaker_dependent,emotion_quadrant,logistic_regression,pca_90,1,88,31,690,174,0.0295414909996907,0.5390025916263514,0.5536584792019574,0.5536584792019574,0.5802295422748088,0.5632183908045977,,,,,,,31.0,0.903415322303772,
egemaps,speaker_dependent,emotion_quadrant,logistic_regression,pca_90,2,88,30,692,172,0.0293027890002122,0.5713336783988958,0.5973997493734337,0.5973997493734337,0.6047462564398863,0.6046511627906976,,,,,,,30.0,0.901622712612152,
egemaps,speaker_dependent,emotion_quadrant,logistic_regression,pca_90,3,88,30,692,172,0.0256911019987455,0.5953860640301318,0.6343042986425339,0.6343042986425339,0.5989050935050145,0.5988372093023255,,,,,,,30.0,0.9004963040351868,
egemaps,speaker_dependent,emotion_quadrant,logistic_regression,pca_90,4,88,30,692,172,0.0287768020007206,0.5945118972086889,0.6064473832618994,0.6064473832618994,0.6132986435476685,0.6162790697674418,,,,,,,30.0,0.9013755321502686,
egemaps,speaker_dependent,emotion_quadrant,logistic_regression,pca_95,0,88,39,690,174,0.0403324019989668,0.5994211227719474,0.615530303030303,0.615530303030303,0.6339764983408679,0.6264367816091954,,,,,,,39.0,0.952889621257782,
egemaps,speaker_dependent,emotion_quadrant,logistic_regression,pca_95,1,88,40,690,174,0.0440786299986939,0.5479684457235674,0.5705415960850744,0.5705415960850744,0.5832475163339078,0.5689655172413793,,,,,,,40.0,0.9540280103683472,
egemaps,speaker_dependent,emotion_quadrant,logistic_regression,pca_95,2,88,39,692,172,0.0574660380007117,0.5835963975412791,0.6090225563909775,0.6090225563909775,0.6130498554162118,0.6162790697674418,,,,,,,39.0,0.9524158239364624,
egemaps,speaker_dependent,emotion_quadrant,logistic_regression,pca_95,3,88,39,692,172,0.0594642480009497,0.5999876379451918,0.6216770361990951,0.6216770361990951,0.6239187105187006,0.6162790697674418,,,,,,,39.0,0.9522209167480468,
egemaps,speaker_dependent,emotion_quadrant,logistic_regression,pca_95,4,88,39,692,172,0.0802880459996231,0.5506738851225025,0.5609378524701105,0.5609378524701105,0.5736188729423979,0.5697674418604651,,,,,,,39.0,0.9529497623443604,
egemaps,speaker_dependent,emotion_original_eval_quadrant,logistic_regression,pca_90,0,88,30,690,174,0.1105157709989725,0.5791480419880288,0.5837121212121212,0.5837121212121212,0.62001326231118,0.6206896551724138,0.4596420458027601,0.461831918081918,0.461831918081918,0.4764939096219884,0.4770114942528735,,30.0,0.9005511999130249,
egemaps,speaker_dependent,emotion_original_eval_quadrant,logistic_regression,pca_90,1,88,31,690,174,0.6752141430006304,0.5592166797972494,0.5687864671560323,0.5687864671560323,0.6000374669218271,0.5919540229885057,0.4677447734452243,0.4700029137529137,0.4700029137529137,0.4840505698758167,0.4827586206896552,,31.0,0.903415322303772,
egemaps,speaker_dependent,emotion_original_eval_quadrant,logistic_regression,pca_90,2,88,30,692,172,0.1667107430002943,0.5693067219186623,0.5896616541353383,0.5896616541353383,0.5976583854056954,0.6046511627906976,0.4290794340330759,0.4433441558441558,0.4433441558441558,0.4549670990467845,0.4418604651162791,,30.0,0.901622712612152,
egemaps,speaker_dependent,emotion_original_eval_quadrant,logistic_regression,pca_90,3,88,30,692,172,0.058517755000139,0.6027803551204828,0.6111142533936652,0.6111142533936652,0.6275019795251396,0.6337209302325582,0.4826630851962208,0.50265522875817,0.50265522875817,0.492281939682188,0.4883720930232558,,30.0,0.9004963040351868,
egemaps,speaker_dependent,emotion_original_eval_quadrant,logistic_regression,pca_90,4,88,30,692,172,0.0611527159999241,0.5740819352044344,0.5755047371982855,0.5755047371982855,0.5946017411677188,0.5988372093023255,0.4680839689554752,0.4744221056721056,0.4744221056721056,0.4763459865162522,0.4767441860465116,,30.0,0.9013755321502686,
egemaps,speaker_dependent,emotion_original_eval_quadrant,logistic_regression,pca_95,0,88,39,690,174,0.0640899619993433,0.592148840319572,0.5992424242424242,0.5992424242424242,0.6309317695356383,0.6264367816091954,0.4959340251362543,0.4975739538239538,0.4975739538239538,0.5095371180318378,0.5057471264367817,,39.0,0.952889621257782,
egemaps,speaker_dependent,emotion_original_eval_quadrant,logistic_regression,pca_95,1,88,40,690,174,0.0990005519997794,0.5993613417042662,0.6122317899491813,0.6122317899491813,0.6324193151581694,0.6264367816091954,0.5078156385404284,0.5126384032634033,0.5126384032634033,0.521679006828239,0.5229885057471264,,40.0,0.9540280103683472,
egemaps,speaker_dependent,emotion_original_eval_quadrant,logistic_regression,pca_95,2,88,39,692,172,0.1462227179999899,0.5575461496602436,0.5720238095238095,0.5720238095238095,0.5765898103263485,0.5813953488372093,0.4085724054091263,0.4130614177489178,0.4130614177489178,0.4403054041890844,0.4302325581395348,,39.0,0.9524158239364624,
egemaps,speaker_dependent,emotion_original_eval_quadrant,logistic_regression,pca_95,3,88,39,692,172,0.2285848399988026,0.6113715296858857,0.6153421945701357,0.6153421945701357,0.6371264375454644,0.6395348837209303,0.5164000209491519,0.5427287581699347,0.5427287581699347,0.5198214624190562,0.5174418604651163,,39.0,0.9522209167480468,
egemaps,speaker_dependent,emotion_original_eval_quadrant,logistic_regression,pca_95,4,88,39,692,172,0.1114968189995124,0.5915422803304231,0.5943647078727725,0.5943647078727725,0.6190198334485288,0.622093023255814,0.5054936009685219,0.5112651237651238,0.5112651237651238,0.5012808286112476,0.5058139534883721,,39.0,0.9529497623443604,
egemaps,speaker_independent,emotion_original,logistic_regression,pca_90,0,88,30,720,144,0.0539400840007147,0.3239448051948052,0.3565295815295816,0.3565295815295816,0.3330938351771685,0.3541666666666667,,,,,,,30.0,0.9033050537109376,
egemaps,speaker_independent,emotion_original,logistic_regression,pca_90,1,88,30,672,192,0.035428437999144,0.3769356952882965,0.3814935064935065,0.3814935064935065,0.3843950314424786,0.3854166666666667,,,,,,,30.0,0.9023948311805724,
egemaps,speaker_independent,emotion_original,logistic_regression,pca_90,2,88,30,672,192,0.0395568799995089,0.4073589285650241,0.4066277472527472,0.4066277472527472,0.4130557671235135,0.40625,,,,,,,30.0,0.9050990343093872,
egemaps,speaker_independent,emotion_original,logistic_regression,pca_90,3,88,31,720,144,0.0368338799999037,0.4354918189204727,0.4357796717171717,0.4357796717171717,0.4327664756509163,0.4444444444444444,,,,,,,31.0,0.90183424949646,
egemaps,speaker_independent,emotion_original,logistic_regression,pca_90,4,88,30,672,192,0.0338131959997554,0.4896343005365562,0.5110977564102563,0.5110977564102563,0.4992733535261731,0.5104166666666666,,,,,,,30.0,0.9014820456504822,
egemaps,speaker_independent,emotion_original,logistic_regression,pca_95,0,88,39,720,144,0.2487048349994438,0.4061720590235654,0.4409541847041847,0.4409541847041847,0.4108487535496144,0.4305555555555556,,,,,,,39.0,0.9538416266441344,
egemaps,speaker_independent,emotion_original,logistic_regression,pca_95,1,88,39,672,192,0.2277708530000382,0.3757172342621259,0.3850108225108224,0.3850108225108224,0.3868770783167067,0.3958333333333333,,,,,,,39.0,0.9532171487808228,
egemaps,speaker_independent,emotion_original,logistic_regression,pca_95,2,88,38,672,192,0.1579262770010245,0.3831215172822868,0.3848557692307692,0.3848557692307692,0.3900594990751448,0.390625,,,,,,,38.0,0.950322687625885,
egemaps,speaker_independent,emotion_original,logistic_regression,pca_95,3,88,40,720,144,0.1195812429996294,0.5465306900745431,0.5467645202020202,0.5467645202020202,0.5364807058397763,0.5416666666666666,,,,,,,40.0,0.9530360698699952,
egemaps,speaker_independent,emotion_original,logistic_regression,pca_95,4,88,39,672,192,0.085048809998625,0.5272137794051494,0.543349358974359,0.543349358974359,0.5377907024820724,0.546875,,,,,,,39.0,0.9531211256980896,
egemaps,speaker_independent,emotion_quadrant,logistic_regression,pca_90,0,88,30,720,144,0.0846105689997784,0.4735274319579187,0.4814919557566617,0.4814919557566617,0.5118733412598175,0.5,,,,,,,30.0,0.9033050537109376,
egemaps,speaker_independent,emotion_quadrant,logistic_regression,pca_90,1,88,30,672,192,0.0343106030013586,0.5299955531891274,0.5456167592895282,0.5456167592895282,0.5328392569088395,0.5364583333333334,,,,,,,30.0,0.9023948311805724,
egemaps,speaker_independent,emotion_quadrant,logistic_regression,pca_90,2,88,30,672,192,0.031847240999923,0.496579673593216,0.5058198380566802,0.5058198380566802,0.517241061583542,0.515625,,,,,,,30.0,0.9050990343093872,
egemaps,speaker_independent,emotion_quadrant,logistic_regression,pca_90,3,88,31,720,144,0.0342438150000816,0.5926813422557013,0.6292542016806723,0.6292542016806723,0.6008912549145481,0.6041666666666666,,,,,,,31.0,0.90183424949646,
egemaps,speaker_independent,emotion_quadrant,logistic_regression,pca_90,4,88,30,672,192,0.030925457000194,0.6234361155413788,0.6303800366300366,0.6303800366300366,0.6649144958355484,0.6614583333333334,,,,,,,30.0,0.9014820456504822,
egemaps,speaker_independent,emotion_quadrant,logistic_regression,pca_95,0,88,39,720,144,0.0291374339994945,0.4897506417514184,0.4919274761186525,0.4919274761186525,0.5371006213228333,0.5208333333333334,,,,,,,39.0,0.9538416266441344,
egemaps,speaker_independent,emotion_quadrant,logistic_regression,pca_95,1,88,39,672,192,0.0337049370009481,0.5102238831265677,0.5210853220006537,0.5210853220006537,0.5257890354891194,0.5260416666666666,,,,,,,39.0,0.9532171487808228,
egemaps,speaker_independent,emotion_quadrant,logistic_regression,pca_95,2,88,38,672,192,0.0393541400007961,0.4828084737179201,0.492661943319838,0.492661943319838,0.504380540598577,0.5,,,,,,,38.0,0.950322687625885,
egemaps,speaker_independent,emotion_quadrant,logistic_regression,pca_95,3,88,40,720,144,0.0663302190005197,0.6092440318302387,0.6339810924369748,0.6339810924369748,0.6252475685234306,0.625,,,,,,,40.0,0.9530360698699952,
egemaps,speaker_independent,emotion_quadrant,logistic_regression,pca_95,4,88,39,672,192,0.0481640959987998,0.643721267546771,0.6584249084249084,0.6584249084249084,0.6787622612287042,0.671875,,,,,,,39.0,0.9531211256980896,
egemaps,speaker_independent,emotion_original_eval_quadrant,logistic_regression,pca_90,0,88,30,720,144,0.0614263600000413,0.4740049392074407,0.4994155354449472,0.4994155354449472,0.5191037166717135,0.5347222222222222,0.3239448051948052,0.3565295815295816,0.3565295815295816,0.3330938351771685,0.3541666666666667,,30.0,0.9033050537109376,
egemaps,speaker_independent,emotion_original_eval_quadrant,logistic_regression,pca_90,1,88,30,672,192,0.0389800949997152,0.4899539333805811,0.4785128582325378,0.4785128582325378,0.4965937278525867,0.5,0.3769356952882965,0.3814935064935065,0.3814935064935065,0.3843950314424786,0.3854166666666667,,30.0,0.9023948311805724,
egemaps,speaker_independent,emotion_original_eval_quadrant,logistic_regression,pca_90,2,88,30,672,192,0.0446567079998203,0.5140591479296881,0.4972165991902834,0.4972165991902834,0.5291936308526078,0.53125,0.4073589285650241,0.4066277472527472,0.4066277472527472,0.4130557671235135,0.40625,,30.0,0.9050990343093872,
egemaps,speaker_independent,emotion_original_eval_quadrant,logistic_regression,pca_90,3,88,31,720,144,0.0405378569994354,0.5124396845388928,0.5380252100840336,0.5380252100840336,0.5258092869784688,0.5347222222222222,0.4354918189204727,0.4357796717171717,0.4357796717171717,0.4327664756509163,0.4444444444444444,,31.0,0.90183424949646,
egemaps,speaker_independent,emotion_original_eval_quadrant,logistic_regression,pca_90,4,88,30,672,192,0.0390156110006501,0.6136087333081802,0.6059409340659341,0.6059409340659341,0.6549863508611378,0.6666666666666666,0.4896343005365562,0.5110977564102563,0.5110977564102563,0.4992733535261731,0.5104166666666666,,30.0,0.9014820456504822,
egemaps,speaker_independent,emotion_original_eval_quadrant,logistic_regression,pca_95,0,88,39,720,144,0.0478328170011082,0.5358010420058613,0.5532082704876822,0.5532082704876822,0.5878436267592895,0.5972222222222222,0.4061720590235654,0.4409541847041847,0.4409541847041847,0.4108487535496144,0.4305555555555556,,39.0,0.9538416266441344,
egemaps,speaker_independent,emotion_original_eval_quadrant,logistic_regression,pca_95,1,88,39,672,192,0.0486309349998919,0.4724367885728092,0.4683788275035414,0.4683788275035414,0.4931224009373604,0.5,0.3757172342621259,0.3850108225108224,0.3850108225108224,0.3868770783167067,0.3958333333333333,,39.0,0.9532171487808228,
egemaps,speaker_independent,emotion_original_eval_quadrant,logistic_regression,pca_95,2,88,38,672,192,0.0710140779992798,0.4828642733034191,0.4711538461538461,0.4711538461538461,0.504020942131028,0.5052083333333334,0.3831215172822868,0.3848557692307692,0.3848557692307692,0.3900594990751448,0.390625,,38.0,0.950322687625885,
egemaps,speaker_independent,emotion_original_eval_quadrant,logistic_regression,pca_95,3,88,40,720,144,0.0713695499998721,0.6104647856089958,0.6295168067226891,0.6295168067226891,0.6165845135238163,0.6180555555555556,0.5465306900745431,0.5467645202020202,0.5467645202020202,0.5364807058397763,0.5416666666666666,,40.0,0.9530360698699952,
egemaps,speaker_independent,emotion_original_eval_quadrant,logistic_regression,pca_95,4,88,39,672,192,0.0475472319994878,0.5995889265732168,0.5913461538461539,0.5913461538461539,0.6434659115257166,0.6510416666666666,0.5272137794051494,0.543349358974359,0.543349358974359,0.5377907024820724,0.546875,,39.0,0.9531211256980896,
wav2vec,speaker_dependent,emotion_original,logistic_regression,pca_90,0,768,58,690,174,0.5951429260003351,0.4931297539257707,0.491000666000666,0.491000666000666,0.517780527184373,0.5114942528735632,,,,,,,58.0,0.9006944298744202,
wav2vec,speaker_dependent,emotion_original,logistic_regression,pca_90,1,768,58,690,174,0.6458251340009156,0.5285148168524292,0.5383267773892775,0.5383267773892775,0.5355223963094354,0.5344827586206896,,,,,,,58.0,0.9005623459815979,
wav2vec,speaker_dependent,emotion_original,logistic_regression,pca_90,2,768,58,692,172,0.5288891799991688,0.4888918435320943,0.4979099025974026,0.4979099025974026,0.5170514213836378,0.5116279069767442,,,,,,,58.0,0.900478720664978,
wav2vec,speaker_dependent,emotion_original,logistic_regression,pca_90,3,768,58,692,172,1.150894320999214,0.3961090795929077,0.4078022875816993,0.4078022875816993,0.4115710117017958,0.4127906976744186,,,,,,,58.0,0.9009103775024414,
wav2vec,speaker_dependent,emotion_original,logistic_regression,pca_90,4,768,58,692,172,0.9091844520007726,0.4307299498746867,0.4301268176268176,0.4301268176268176,0.4531398528032554,0.4534883720930232,,,,,,,58.0,0.9016188383102416,
wav2vec,speaker_dependent,emotion_original,logistic_regression,pca_95,0,768,93,690,174,0.4693306659992231,0.4598911763571316,0.4614815739815739,0.4614815739815739,0.4849302684172562,0.4827586206896552,,,,,,,93.0,0.9505473375320436,
wav2vec,speaker_dependent,emotion_original,logistic_regression,pca_95,1,768,93,690,174,0.3502517369997804,0.5582125298468621,0.5644412878787879,0.5644412878787879,0.5671575389913118,0.5689655172413793,,,,,,,93.0,0.9503960609436036,
wav2vec,speaker_dependent,emotion_original,logistic_regression,pca_95,2,768,93,692,172,1.315516734999619,0.4774890000600101,0.4828801406926407,0.4828801406926407,0.516518724734337,0.5116279069767442,,,,,,,93.0,0.9504764080047609,
wav2vec,speaker_dependent,emotion_original,logistic_regression,pca_95,3,768,93,692,172,0.9521044610009994,0.4895548441328492,0.5034109477124183,0.5034109477124183,0.5115630387574717,0.5174418604651163,,,,,,,93.0,0.9506263732910156,
wav2vec,speaker_dependent,emotion_original,logistic_regression,pca_95,4,768,93,692,172,0.6812833479998517,0.5343479680950514,0.5306179931179931,0.5306179931179931,0.5542950198270336,0.5523255813953488,,,,,,,93.0,0.9508485794067384,
wav2vec,speaker_dependent,emotion_quadrant,logistic_regression,pca_90,0,768,58,690,174,0.330080863999683,0.5759402828706128,0.5825757575757576,0.5825757575757576,0.6330150587356924,0.6206896551724138,,,,,,,58.0,0.9006944298744202,
wav2vec,speaker_dependent,emotion_quadrant,logistic_regression,pca_90,1,768,58,690,174,0.8431888189988967,0.5721569239624631,0.5774844720496894,0.5774844720496894,0.6206021968195293,0.6149425287356322,,,,,,,58.0,0.9005623459815979,
wav2vec,speaker_dependent,emotion_quadrant,logistic_regression,pca_90,2,768,58,692,172,0.5698066759996436,0.5970608979035945,0.6113721804511278,0.6113721804511278,0.6413219129968541,0.627906976744186,,,,,,,58.0,0.900478720664978,
wav2vec,speaker_dependent,emotion_quadrant,logistic_regression,pca_90,3,768,58,692,172,0.4225296069998876,0.6001122749085479,0.6128605769230769,0.6128605769230769,0.6532661817702956,0.6569767441860465,,,,,,,58.0,0.9009103775024414,
wav2vec,speaker_dependent,emotion_quadrant,logistic_regression,pca_90,4,768,58,692,172,2.1248646630010626,0.5868295166154429,0.5909894540942928,0.5909894540942928,0.6175612481218654,0.6162790697674418,,,,,,,58.0,0.9016188383102416,
wav2vec,speaker_dependent,emotion_quadrant,logistic_regression,pca_95,0,768,93,690,174,1.5365721810012474,0.5928057581870214,0.5962121212121212,0.5962121212121212,0.6506945271155976,0.632183908045977,,,,,,,93.0,0.9505473375320436,
wav2vec,speaker_dependent,emotion_quadrant,logistic_regression,pca_95,1,768,93,690,174,0.7073342289986613,0.611506752180171,0.6215415019762845,0.6215415019762845,0.6537766518061771,0.6494252873563219,,,,,,,93.0,0.9503960609436036,
wav2vec,speaker_dependent,emotion_quadrant,logistic_regression,pca_95,2,768,93,692,172,0.3196107889998529,0.6084543254688445,0.6203947368421052,0.6203947368421052,0.6416867147821437,0.6395348837209303,,,,,,,93.0,0.9504764080047609,
wav2vec,speaker_dependent,emotion_quadrant,logistic_regression,pca_95,3,768,93,692,172,0.3937055400001554,0.612152605664056,0.6181561085972851,0.6181561085972851,0.6413060636032408,0.6395348837209303,,,,,,,93.0,0.9506263732910156,
wav2vec,speaker_dependent,emotion_quadrant,logistic_regression,pca_95,4,768,93,692,172,0.3506497550006315,0.6676869898384141,0.6747518610421835,0.6747518610421835,0.6778723041579985,0.6744186046511628,,,,,,,93.0,0.9508485794067384,
wav2vec,speaker_dependent,emotion_original_eval_quadrant,logistic_regression,pca_90,0,768,58,690,174,0.3437799760013149,0.5705166507655264,0.5731060606060606,0.5731060606060606,0.626445264306196,0.6206896551724138,0.4931297539257707,0.491000666000666,0.491000666000666,0.517780527184373,0.5114942528735632,,58.0,0.9006944298744202,
wav2vec,speaker_dependent,emotion_original_eval_quadrant,logistic_regression,pca_90,1,768,58,690,174,1.344788001000779,0.6015566238391201,0.6050748164878599,0.6050748164878599,0.6586553101428423,0.6551724137931034,0.5285148168524292,0.5383267773892775,0.5383267773892775,0.5355223963094354,0.5344827586206896,,58.0,0.9005623459815979,
wav2vec,speaker_dependent,emotion_original_eval_quadrant,logistic_regression,pca_90,2,768,58,692,172,0.3433922120002535,0.5779864757810153,0.5868421052631579,0.5868421052631579,0.6174114716797386,0.6162790697674418,0.4888918435320943,0.4979099025974026,0.4979099025974026,0.5170514213836378,0.5116279069767442,,58.0,0.900478720664978,
wav2vec,speaker_dependent,emotion_original_eval_quadrant,logistic_regression,pca_90,3,768,58,692,172,0.3579023570000572,0.6045124724169659,0.6078125,0.6078125,0.633827612404237,0.6395348837209303,0.3961090795929077,0.4078022875816993,0.4078022875816993,0.4115710117017958,0.4127906976744186,,58.0,0.9009103775024414,
wav2vec,speaker_dependent,emotion_original_eval_quadrant,logistic_regression,pca_90,4,768,58,692,172,0.3596073299995623,0.5997241571292096,0.604732968644259,0.604732968644259,0.6069427420058462,0.6046511627906976,0.4307299498746867,0.4301268176268176,0.4301268176268176,0.4531398528032554,0.4534883720930232,,58.0,0.9016188383102416,
wav2vec,speaker_dependent,emotion_original_eval_quadrant,logistic_regression,pca_95,0,768,93,690,174,0.2450402619997476,0.6152386090308513,0.6268939393939394,0.6268939393939394,0.6616835844765224,0.6494252873563219,0.4598911763571316,0.4614815739815739,0.4614815739815739,0.4849302684172562,0.4827586206896552,,93.0,0.9505473375320436,
wav2vec,speaker_dependent,emotion_original_eval_quadrant,logistic_regression,pca_95,1,768,93,690,174,0.3849387150003167,0.592366848389968,0.5947322604931301,0.5947322604931301,0.6627878626540863,0.6609195402298851,0.5582125298468621,0.5644412878787879,0.5644412878787879,0.5671575389913118,0.5689655172413793,,93.0,0.9503960609436036,
wav2vec,speaker_dependent,emotion_original_eval_quadrant,logistic_regression,pca_95,2,768,93,692,172,0.3340621610004746,0.5610932329948726,0.5688596491228071,0.5688596491228071,0.597507937997419,0.5930232558139535,0.4774890000600101,0.4828801406926407,0.4828801406926407,0.516518724734337,0.5116279069767442,,93.0,0.9504764080047609,
wav2vec,speaker_dependent,emotion_original_eval_quadrant,logistic_regression,pca_95,3,768,93,692,172,0.4537255129998812,0.6538651439770843,0.6518170248868778,0.6518170248868778,0.7112273375897118,0.7209302325581395,0.4895548441328492,0.5034109477124183,0.5034109477124183,0.5115630387574717,0.5174418604651163,,93.0,0.9506263732910156,
wav2vec,speaker_dependent,emotion_original_eval_quadrant,logistic_regression,pca_95,4,768,93,692,172,0.550914355999339,0.633252052369887,0.6479049176629821,0.6479049176629821,0.6423372554197914,0.6395348837209303,0.5343479680950514,0.5306179931179931,0.5306179931179931,0.5542950198270336,0.5523255813953488,,93.0,0.9508485794067384,
wav2vec,speaker_independent,emotion_original,logistic_regression,pca_90,0,768,58,720,144,0.4607316990004619,0.413742682628469,0.4455537518037518,0.4455537518037518,0.4212091744699609,0.4444444444444444,,,,,,,58.0,0.9001868963241577,
wav2vec,speaker_independent,emotion_original,logistic_regression,pca_90,1,768,56,672,192,0.3510335190003388,0.3730468067768126,0.372362012987013,0.372362012987013,0.3835510475938546,0.3802083333333333,,,,,,,56.0,0.9000222086906433,
wav2vec,speaker_independent,emotion_original,logistic_regression,pca_90,2,768,57,672,192,0.5469214799995825,0.4119228641103213,0.4086080586080586,0.4086080586080586,0.4147393527861814,0.4166666666666667,,,,,,,57.0,0.9016520380973816,
wav2vec,speaker_independent,emotion_original,logistic_regression,pca_90,3,768,59,720,144,0.8792934769990097,0.442207568348566,0.4425031565656566,0.4425031565656566,0.4569496200092223,0.4652777777777778,,,,,,,59.0,0.9007102847099304,
wav2vec,speaker_independent,emotion_original,logistic_regression,pca_90,4,768,56,672,192,0.8701990669997031,0.4036940289312205,0.4286858974358974,0.4286858974358974,0.4075911734533651,0.4375,,,,,,,56.0,0.9001134634017944,
wav2vec,speaker_independent,emotion_original,logistic_regression,pca_95,0,768,94,720,144,0.388118167000357,0.4551361832611832,0.4882305194805195,0.4882305194805195,0.4570045695045694,0.4791666666666667,,,,,,,94.0,0.9508568048477172,
wav2vec,speaker_independent,emotion_original,logistic_regression,pca_95,1,768,91,672,192,0.3561646419984754,0.4081211380743736,0.4098349567099567,0.4098349567099567,0.4185841010373366,0.4114583333333333,,,,,,,91.0,0.9508798718452454,
wav2vec,speaker_independent,emotion_original,logistic_regression,pca_95,2,768,91,672,192,0.2992615709990787,0.4179841711523084,0.4214400183150183,0.4214400183150183,0.442417634690363,0.4479166666666667,,,,,,,91.0,0.9503053426742554,
wav2vec,speaker_independent,emotion_original,logistic_regression,pca_95,3,768,94,720,144,0.3605818889991496,0.493936386530695,0.5154198232323232,0.5154198232323232,0.5131458661881911,0.5416666666666666,,,,,,,94.0,0.9502830505371094,
wav2vec,speaker_independent,emotion_original,logistic_regression,pca_95,4,768,90,672,192,0.3211141619995032,0.3963540713157431,0.4084535256410256,0.4084535256410256,0.3982192249206446,0.421875,,,,,,,90.0,0.9502098560333252,
wav2vec,speaker_independent,emotion_quadrant,logistic_regression,pca_90,0,768,58,720,144,0.2422558010002831,0.4758380402956173,0.4760306686777275,0.4760306686777275,0.5274757430449003,0.5277777777777778,,,,,,,58.0,0.9001868963241577,
wav2vec,speaker_independent,emotion_quadrant,logistic_regression,pca_90,1,768,56,672,192,0.3060004470007698,0.4876648578734512,0.4855889724310777,0.4855889724310777,0.5401097795352564,0.5260416666666666,,,,,,,56.0,0.9000222086906433,
wav2vec,speaker_independent,emotion_quadrant,logistic_regression,pca_90,2,768,57,672,192,0.256498131000626,0.47865891224525,0.4777327935222671,0.4777327935222671,0.5141861485552187,0.5104166666666666,,,,,,,57.0,0.9016520380973816,
wav2vec,speaker_independent,emotion_quadrant,logistic_regression,pca_90,3,768,59,720,144,0.2537070419984957,0.6435770705392798,0.6598214285714286,0.6598214285714286,0.663115908997692,0.6597222222222222,,,,,,,59.0,0.9007102847099304,
wav2vec,speaker_independent,emotion_quadrant,logistic_regression,pca_90,4,768,56,672,192,0.3108932289997028,0.594610693114455,0.5914033882783882,0.5914033882783882,0.6415159741222071,0.6510416666666666,,,,,,,56.0,0.9001134634017944,
wav2vec,speaker_independent,emotion_quadrant,logistic_regression,pca_95,0,768,94,720,144,0.2116391679992375,0.5475026861998389,0.548805932629462,0.548805932629462,0.5917683462981134,0.5972222222222222,,,,,,,94.0,0.9508568048477172,
wav2vec,speaker_independent,emotion_quadrant,logistic_regression,pca_95,1,768,91,672,192,0.3274407160006376,0.5302483522670884,0.5357006647052414,0.5357006647052414,0.5714615983548077,0.5677083333333334,,,,,,,91.0,0.9508798718452454,
wav2vec,speaker_independent,emotion_quadrant,logistic_regression,pca_95,2,768,91,672,192,0.6085027040007844,0.579003936768096,0.5832489878542509,0.5832489878542509,0.6165338602325852,0.609375,,,,,,,91.0,0.9503053426742554,
wav2vec,speaker_independent,emotion_quadrant,logistic_regression,pca_95,3,768,94,720,144,0.326324255000145,0.6498409331919406,0.6643382352941176,0.6643382352941176,0.6657314127489101,0.6597222222222222,,,,,,,94.0,0.9502830505371094,
wav2vec,speaker_independent,emotion_quadrant,logistic_regression,pca_95,4,768,90,672,192,0.3297427899997274,0.6121446018563752,0.6271749084249084,0.6271749084249084,0.6883283899783655,0.7239583333333334,,,,,,,90.0,0.9502098560333252,
wav2vec,speaker_independent,emotion_original_eval_quadrant,logistic_regression,pca_90,0,768,58,720,144,0.4610439969983417,0.505679012345679,0.5333741830065359,0.5333741830065359,0.5772321985284948,0.6111111111111112,0.413742682628469,0.4455537518037518,0.4455537518037518,0.4212091744699609,0.4444444444444444,,58.0,0.9001868963241577,
wav2vec,speaker_independent,emotion_original_eval_quadrant,logistic_regression,pca_90,1,768,56,672,192,0.8167026339997392,0.4695006559995436,0.4664174022011551,0.4664174022011551,0.5191736366618179,0.515625,0.3730468067768126,0.372362012987013,0.372362012987013,0.3835510475938546,0.3802083333333333,,56.0,0.9000222086906433,
wav2vec,speaker_independent,emotion_original_eval_quadrant,logistic_regression,pca_90,2,768,57,672,192,0.8738507889993343,0.5033289992826399,0.4962044534412955,0.4962044534412955,0.5437142876713694,0.546875,0.4119228641103213,0.4086080586080586,0.4086080586080586,0.4147393527861814,0.4166666666666667,,57.0,0.9016520380973816,
wav2vec,speaker_independent,emotion_original_eval_quadrant,logistic_regression,pca_90,3,768,59,720,144,0.3523949529990204,0.6126684636118598,0.6114495798319328,0.6114495798319328,0.6337938005390835,0.6319444444444444,0.442207568348566,0.4425031565656566,0.4425031565656566,0.4569496200092223,0.4652777777777778,,59.0,0.9007102847099304,
wav2vec,speaker_independent,emotion_original_eval_quadrant,logistic_regression,pca_90,4,768,56,672,192,0.9569651020010496,0.5949617613902463,0.5834478021978021,0.5834478021978021,0.6338163541679619,0.6458333333333334,0.4036940289312205,0.4286858974358974,0.4286858974358974,0.4075911734533651,0.4375,,56.0,0.9001134634017944,
wav2vec,speaker_independent,emotion_original_eval_quadrant,logistic_regression,pca_95,0,768,94,720,144,0.352786253000886,0.5771968913108458,0.5858691553544495,0.5858691553544495,0.643206704324522,0.6597222222222222,0.4551361832611832,0.4882305194805195,0.4882305194805195,0.4570045695045694,0.4791666666666667,,94.0,0.9508568048477172,
wav2vec,speaker_independent,emotion_original_eval_quadrant,logistic_regression,pca_95,1,768,91,672,192,2.287218552999548,0.5122521534545974,0.5215416258036395,0.5215416258036395,0.5535794597719472,0.546875,0.4081211380743736,0.4098349567099567,0.4098349567099567,0.4185841010373366,0.4114583333333333,,91.0,0.9508798718452454,
wav2vec,speaker_independent,emotion_original_eval_quadrant,logistic_regression,pca_95,2,768,91,672,192,0.8766025259992603,0.5667982794042116,0.5640182186234818,0.5640182186234818,0.5945394089197055,0.59375,0.4179841711523084,0.4214400183150183,0.4214400183150183,0.442417634690363,0.4479166666666667,,91.0,0.9503053426742554,
wav2vec,speaker_independent,emotion_original_eval_quadrant,logistic_regression,pca_95,3,768,94,720,144,0.7098762629993871,0.6637149799885649,0.6644957983193277,0.6644957983193277,0.6877695985007305,0.6875,0.493936386530695,0.5154198232323232,0.5154198232323232,0.5131458661881911,0.5416666666666666,,94.0,0.9502830505371094,
wav2vec,speaker_independent,emotion_original_eval_quadrant,logistic_regression,pca_95,4,768,90,672,192,0.5692957620012749,0.5121913031873413,0.512591575091575,0.512591575091575,0.5688833653037565,0.609375,0.3963540713157431,0.4084535256410256,0.4084535256410256,0.3982192249206446,0.421875,,90.0,0.9502098560333252,
egemaps,speaker_independent,emotion_original,logistic_regression,lda_shrinkage,0,88,7,720,144,0.026466940998943755,0.4670148692448344,0.5056908369408369,0.5056908369408369,0.46810127355617087,0.4861111111111111,,,,,,,,,7.0
egemaps,speaker_independent,emotion_original,logistic_regression,lda_shrinkage,1,88,7,672,192,0.04405887499888195,0.4036735537831382,0.4171401515151515,0.4171401515151515,0.4304276749170825,0.4427083333333333,,,,,,,,,7.0
egemaps,speaker_independent,emotion_original,logistic_regression,lda_shrinkage,2,88,7,672,192,0.025974071999371517,0.47087668337668337,0.4611492673992674,0.4611492673992674,0.482586645086645,0.4739583333333333,,,,,,,,,7.0
egemaps,speaker_independent,emotion_original,logistic_regression,lda_shrinkage,3,88,7,720,144,0.02968032399803633,0.5608803992699811,0.5850063131313131,0.5850063131313131,0.550331649359529,0.5694444444444444,,,,,,,,,7.0
egemaps,speaker_independent,emotion_original,logistic_regression,lda_shrinkage,4,88,7,672,192,0.024138061002304312,0.5666902362169883,0.574599358974359,0.574599358974359,0.579295145604986,0.5833333333333334,,,,,,,,,7.0
egemaps,speaker_independent,emotion_quadrant,logistic_regression,lda_shrinkage,0,88,3,720,144,0.015286519999790471,0.5831236690312663,0.5871543489190548,0.5871543489190548,0.6271810650257066,0.6180555555555556,,,,,,,,,3.0
egemaps,speaker_independent,emotion_quadrant,logistic_regression,lda_shrinkage,1,88,3,672,192,0.01482043499709107,0.5554824561403509,0.5867317750898986,0.5867317750898986,0.5664756113769273,0.5625,,,,,,,,,3.0
egemaps,speaker_independent,emotion_quadrant,logistic_regression,lda_shrinkage,2,88,3,672,192,0.018683332000364317,0.5681142284918963,0.5708502024291497,0.5708502024291497,0.5844956128555283,0.578125,,,,,,,,,3.0
egemaps,speaker_independent,emotion_quadrant,logistic_regression,lda_shrinkage,3,88,3,720,144,0.016680671000358416,0.6507569836445216,0.6752100840336135,0.6752100840336135,0.671003682796996,0.6666666666666666,,,,,,,,,3.0
egemaps,speaker_independent,emotion_quadrant,logistic_regression,lda_shrinkage,4,88,3,672,192,0.014949148997402517,0.6455158308228484,0.6391369047619048,0.6391369047619048,0.6840466987122689,0.6927083333333334,,,,,,,,,3.0
egemaps,speaker_independent,emotion_original_eval_quadrant,logistic_regression,lda_shrinkage,0,88,7,720,144,0.03362728299907758,0.5667095425758792,0.5784942182001005,0.5784942182001005,0.6082365837935144,0.6180555555555556,0.4670148692448344,0.5056908369408369,0.5056908369408369,0.46810127355617087,0.4861111111111111,,,,7.0
egemaps,speaker_independent,emotion_original_eval_quadrant,logistic_regression,lda_shrinkage,1,88,7,672,192,0.048373018002166646,0.5485752921858399,0.5544159311321782,0.5544159311321782,0.561295437715316,0.5572916666666666,0.4036735537831382,0.4171401515151515,0.4171401515151515,0.4304276749170825,0.4427083333333333,,,,7.0
egemaps,speaker_independent,emotion_original_eval_quadrant,logistic_regression,lda_shrinkage,2,88,7,672,192,0.031858065998676466,0.5834269957589654,0.5713562753036436,0.5713562753036436,0.5997183258653159,0.5989583333333334,0.47087668337668337,0.4611492673992674,0.4611492673992674,0.482586645086645,0.4739583333333333,,,,7.0
egemaps,speaker_independent,emotion_original_eval_quadrant,logistic_regression,lda_shrinkage,3,88,7,720,144,0.03391995900165057,0.6621612377262863,0.6796743697478992,0.6796743697478992,0.672179182765095,0.6736111111111112,0.5608803992699811,0.5850063131313131,0.5850063131313131,0.550331649359529,0.5694444444444444,,,,7.0
egemaps,speaker_independent,emotion_original_eval_quadrant,logistic_regression,lda_shrinkage,4,88,7,672,192,0.026685525001084898,0.6052704070996754,0.5862522893772895,0.5862522893772895,0.6466560201316299,0.6614583333333334,0.5666902362169883,0.574599358974359,0.574599358974359,0.579295145604986,0.5833333333333334,,,,7.0
wav2vec,speaker_independent,emotion_original,logistic_regression,lda_shrinkage,0,768,7,720,144,0.8949557960004313,0.5338661140120091,0.5438492063492063,0.5438492063492063,0.538134248714559,0.5416666666666666,,,,,,,,,7.0
wav2vec,speaker_independent,emotion_original,logistic_regression,lda_shrinkage,1,768,7,672,192,0.7623970659988117,0.5220457796244391,0.5241477272727273,0.5241477272727273,0.5329560915727126,0.53125,,,,,,,,,7.0
wav2vec,speaker_independent,emotion_original,logistic_regression,lda_shrinkage,2,768,7,672,192,1.4826808340003481,0.5110774589611651,0.495867673992674,0.495867673992674,0.5339896607261817,0.5208333333333334,,,,,,,,,7.0
wav2vec,speaker_independent,emotion_original,logistic_regression,lda_shrinkage,3,768,7,720,144,1.8349362569970253,0.5450569325072241,0.5749684343434344,0.5749684343434344,0.5740029562902044,0.6111111111111112,,,,,,,,,7.0
wav2vec,speaker_independent,emotion_original,logistic_regression,lda_shrinkage,4,768,7,672,192,1.1068506240007991,0.5739343683993234,0.5675080128205128,0.5675080128205128,0.5750052568332672,0.5833333333333334,,,,,,,,,7.0
wav2vec,speaker_independent,emotion_quadrant,logistic_regression,lda_shrinkage,0,768,3,720,144,0.5878879229967424,0.5291573926868045,0.5334684514831574,0.5334684514831574,0.5899841017488077,0.5902777777777778,,,,,,,,,3.0
wav2vec,speaker_independent,emotion_quadrant,logistic_regression,lda_shrinkage,1,768,3,672,192,0.5730862560012611,0.528260151714151,0.5432671352293779,0.5432671352293779,0.5651730388655251,0.546875,,,,,,,,,3.0
wav2vec,speaker_independent,emotion_quadrant,logistic_regression,lda_shrinkage,2,768,3,672,192,0.4731229120006901,0.6324943511981098,0.6361336032388664,0.6361336032388664,0.6351083411234344,0.6302083333333334,,,,,,,,,3.0
wav2vec,speaker_independent,emotion_quadrant,logistic_regression,lda_shrinkage,3,768,3,720,144,1.2958980660005182,0.7299073830618372,0.749107142857143,0.749107142857143,0.7411499181437071,0.7361111111111112,,,,,,,,,3.0
wav2vec,speaker_independent,emotion_quadrant,logistic_regression,lda_shrinkage,4,768,3,672,192,1.3210911469977873,0.6614971846013661,0.642742673992674,0.642742673992674,0.7070865394350512,0.7239583333333334,,,,,,,,,3.0
wav2vec,speaker_independent,emotion_original_eval_quadrant,logistic_regression,lda_shrinkage,0,768,7,720,144,1.3324045869994734,0.5944264069264069,0.5915881096028155,0.5915881096028155,0.6463744588744588,0.6527777777777778,0.5338661140120091,0.5438492063492063,0.5438492063492063,0.538134248714559,0.5416666666666666,,,,7.0
wav2vec,speaker_independent,emotion_original_eval_quadrant,logistic_regression,lda_shrinkage,1,768,7,672,192,1.3759315450006397,0.5818184723553851,0.5922959572845157,0.5922959572845157,0.631014168530947,0.625,0.5220457796244391,0.5241477272727273,0.5241477272727273,0.5329560915727126,0.53125,,,,7.0
wav2vec,speaker_independent,emotion_original_eval_quadrant,logistic_regression,lda_shrinkage,2,768,7,672,192,0.863058621998789,0.6014555363429777,0.6027327935222672,0.6027327935222672,0.6257911000791754,0.6197916666666666,0.5110774589611651,0.495867673992674,0.495867673992674,0.5339896607261817,0.5208333333333334,,,,7.0
wav2vec,speaker_independent,emotion_original_eval_quadrant,logistic_regression,lda_shrinkage,3,768,7,720,144,1.3877481159979652,0.733581240100945,0.7317226890756303,0.7317226890756303,0.7459456351440699,0.7430555555555556,0.5450569325072241,0.5749684343434344,0.5749684343434344,0.5740029562902044,0.6111111111111112,,,,7.0
wav2vec,speaker_independent,emotion_original_eval_quadrant,logistic_regression,lda_shrinkage,4,768,7,672,192,0.9895069890008017,0.6289565016099059,0.6154990842490842,0.6154990842490842,0.6779946727411003,0.6979166666666666,0.5739343683993234,0.5675080128205128,0.5675080128205128,0.5750052568332672,0.5833333333333334,,,,7.0
