domain,representation,stage,n_adaptation_speakers,n_adaptation_samples,repeat,seed,adaptation_speakers,train_loss,run_id,target_balanced_accuracy,target_macro_f1_observed,target_accuracy,unsupported_prediction_rate,source_balanced_accuracy,target_gain,source_change
ravdess_song,egemaps,zero_shot,0,0,-1,-1,[],,zero_shot::ravdess_song::egemaps,0.3489583333333333,0.3198714211490427,0.3806818181818182,0.07386363636363637,0.5546875,0.0,0.0
ravdess_song,egemaps,adapted,1,44,0,13,"[""ravdess_15""]",0.509912371635437,adapt::ravdess_song::egemaps::n1::r0::s13,0.390625,0.3840291028640543,0.4147727272727273,0.0625,0.53515625,0.041666666666666685,-0.01953125
ravdess_song,egemaps,adapted,1,44,0,42,"[""ravdess_15""]",0.5099123120307922,adapt::ravdess_song::egemaps::n1::r0::s42,0.390625,0.3840291028640543,0.4147727272727273,0.0625,0.53515625,0.041666666666666685,-0.01953125
ravdess_song,egemaps,adapted,1,44,0,73,"[""ravdess_15""]",0.5099122524261475,adapt::ravdess_song::egemaps::n1::r0::s73,0.390625,0.3840291028640543,0.4147727272727273,0.0625,0.53515625,0.041666666666666685,-0.01953125
ravdess_song,egemaps,adapted,1,44,1,13,"[""ravdess_11""]",0.6858199834823608,adapt::ravdess_song::egemaps::n1::r1::s13,0.3958333333333333,0.38841891507728393,0.4318181818181818,0.08522727272727272,0.515625,0.046875,-0.0390625
ravdess_song,egemaps,adapted,1,44,1,42,"[""ravdess_11""]",0.6858199834823608,adapt::ravdess_song::egemaps::n1::r1::s42,0.3958333333333333,0.38841891507728393,0.4318181818181818,0.08522727272727272,0.515625,0.046875,-0.0390625
ravdess_song,egemaps,adapted,1,44,1,73,"[""ravdess_11""]",0.6858199238777161,adapt::ravdess_song::egemaps::n1::r1::s73,0.3958333333333333,0.38841891507728393,0.4318181818181818,0.08522727272727272,0.515625,0.046875,-0.0390625
ravdess_song,egemaps,adapted,1,44,2,13,"[""ravdess_04""]",24.738672256469727,adapt::ravdess_song::egemaps::n1::r2::s13,0.3854166666666667,0.3281714985662354,0.42045454545454547,0.03409090909090909,0.5,0.03645833333333337,-0.0546875
ravdess_song,egemaps,adapted,1,44,2,42,"[""ravdess_04""]",24.738670349121094,adapt::ravdess_song::egemaps::n1::r2::s42,0.3854166666666667,0.3281714985662354,0.42045454545454547,0.03409090909090909,0.5,0.03645833333333337,-0.0546875
ravdess_song,egemaps,adapted,1,44,2,73,"[""ravdess_04""]",24.738670349121094,adapt::ravdess_song::egemaps::n1::r2::s73,0.3854166666666667,0.3281714985662354,0.42045454545454547,0.03409090909090909,0.5,0.03645833333333337,-0.0546875
ravdess_song,egemaps,adapted,1,44,3,13,"[""ravdess_08""]",2.2398157119750977,adapt::ravdess_song::egemaps::n1::r3::s13,0.4479166666666667,0.41041021551927953,0.4602272727272727,0.022727272727272728,0.515625,0.09895833333333337,-0.0390625
ravdess_song,egemaps,adapted,1,44,3,42,"[""ravdess_08""]",2.2398159503936768,adapt::ravdess_song::egemaps::n1::r3::s42,0.4479166666666667,0.41041021551927953,0.4602272727272727,0.022727272727272728,0.515625,0.09895833333333337,-0.0390625
ravdess_song,egemaps,adapted,1,44,3,73,"[""ravdess_08""]",2.2398157119750977,adapt::ravdess_song::egemaps::n1::r3::s73,0.4479166666666667,0.41041021551927953,0.4602272727272727,0.022727272727272728,0.515625,0.09895833333333337,-0.0390625
ravdess_song,egemaps,adapted,1,44,4,13,"[""ravdess_13""]",0.7260531783103943,adapt::ravdess_song::egemaps::n1::r4::s13,0.3229166666666667,0.26844784532108473,0.3522727272727273,0.07386363636363637,0.47265625,-0.02604166666666663,-0.08203125
ravdess_song,egemaps,adapted,1,44,4,42,"[""ravdess_13""]",0.7260531783103943,adapt::ravdess_song::egemaps::n1::r4::s42,0.3229166666666667,0.26844784532108473,0.3522727272727273,0.07386363636363637,0.47265625,-0.02604166666666663,-0.08203125
ravdess_song,egemaps,adapted,1,44,4,73,"[""ravdess_13""]",0.7260532379150391,adapt::ravdess_song::egemaps::n1::r4::s73,0.3229166666666667,0.26844784532108473,0.3522727272727273,0.07386363636363637,0.47265625,-0.02604166666666663,-0.08203125
ravdess_song,egemaps,adapted,2,88,0,13,"[""ravdess_01"", ""ravdess_17""]",0.8838027824055065,adapt::ravdess_song::egemaps::n2::r0::s13,0.40625,0.4079175329175329,0.4318181818181818,0.05113636363636364,0.55078125,0.057291666666666685,-0.00390625
ravdess_song,egemaps,adapted,2,88,0,42,"[""ravdess_01"", ""ravdess_17""]",0.8886517665602944,adapt::ravdess_song::egemaps::n2::r0::s42,0.40625,0.4079175329175329,0.4318181818181818,0.05113636363636364,0.546875,0.057291666666666685,-0.0078125
ravdess_song,egemaps,adapted,2,88,0,73,"[""ravdess_01"", ""ravdess_17""]",0.893456984650005,adapt::ravdess_song::egemaps::n2::r0::s73,0.4010416666666667,0.40305411548580944,0.42613636363636365,0.05113636363636364,0.55078125,0.05208333333333337,-0.00390625
ravdess_song,egemaps,adapted,2,88,1,13,"[""ravdess_13"", ""ravdess_20""]",0.8393648971210826,adapt::ravdess_song::egemaps::n2::r1::s13,0.3489583333333333,0.29506863299932307,0.375,0.03977272727272727,0.48046875,0.0,-0.07421875
ravdess_song,egemaps,adapted,2,88,1,42,"[""ravdess_13"", ""ravdess_20""]",0.8322299935600974,adapt::ravdess_song::egemaps::n2::r1::s42,0.3489583333333333,0.29639072980134523,0.375,0.03977272727272727,0.48046875,0.0,-0.07421875
ravdess_song,egemaps,adapted,2,88,1,73,"[""ravdess_13"", ""ravdess_20""]",0.8328252543102611,adapt::ravdess_song::egemaps::n2::r1::s73,0.359375,0.3119248466910755,0.3806818181818182,0.03977272727272727,0.4765625,0.010416666666666685,-0.078125
ravdess_song,egemaps,adapted,2,88,2,13,"[""ravdess_13"", ""ravdess_14""]",0.6873821128498424,adapt::ravdess_song::egemaps::n2::r2::s13,0.3645833333333333,0.30126565521076343,0.38636363636363635,0.022727272727272728,0.4921875,0.015625,-0.0625
ravdess_song,egemaps,adapted,2,88,2,42,"[""ravdess_13"", ""ravdess_14""]",0.6787933653051202,adapt::ravdess_song::egemaps::n2::r2::s42,0.359375,0.29171676102622396,0.3806818181818182,0.022727272727272728,0.5078125,0.010416666666666685,-0.046875
ravdess_song,egemaps,adapted,2,88,2,73,"[""ravdess_13"", ""ravdess_14""]",0.6843381849202242,adapt::ravdess_song::egemaps::n2::r2::s73,0.3697916666666667,0.3071375322896622,0.39204545454545453,0.022727272727272728,0.5,0.02083333333333337,-0.0546875
ravdess_song,egemaps,adapted,2,88,3,13,"[""ravdess_04"", ""ravdess_20""]",11.064133373173801,adapt::ravdess_song::egemaps::n2::r3::s13,0.375,0.3247882516148117,0.3977272727272727,0.03977272727272727,0.50390625,0.026041666666666685,-0.05078125
ravdess_song,egemaps,adapted,2,88,3,42,"[""ravdess_04"", ""ravdess_20""]",10.940810203552246,adapt::ravdess_song::egemaps::n2::r3::s42,0.3854166666666667,0.34078216955380974,0.4034090909090909,0.03977272727272727,0.50390625,0.03645833333333337,-0.05078125
ravdess_song,egemaps,adapted,2,88,3,73,"[""ravdess_04"", ""ravdess_20""]",11.152344400232488,adapt::ravdess_song::egemaps::n2::r3::s73,0.390625,0.3551832426832427,0.4090909090909091,0.03977272727272727,0.5078125,0.041666666666666685,-0.046875
ravdess_song,egemaps,adapted,2,88,4,13,"[""ravdess_07"", ""ravdess_13""]",0.6064744916829196,adapt::ravdess_song::egemaps::n2::r4::s13,0.375,0.3559309001021604,0.4034090909090909,0.06818181818181818,0.49609375,0.026041666666666685,-0.05859375
ravdess_song,egemaps,adapted,2,88,4,42,"[""ravdess_07"", ""ravdess_13""]",0.6197705702348189,adapt::ravdess_song::egemaps::n2::r4::s42,0.375,0.35438592655718676,0.4034090909090909,0.06818181818181818,0.4921875,0.026041666666666685,-0.0625
ravdess_song,egemaps,adapted,2,88,4,73,"[""ravdess_07"", ""ravdess_13""]",0.6159113157879222,adapt::ravdess_song::egemaps::n2::r4::s73,0.375,0.35438592655718676,0.4034090909090909,0.06818181818181818,0.5,0.026041666666666685,-0.0546875
ravdess_song,egemaps,adapted,4,176,0,13,"[""ravdess_03"", ""ravdess_12"", ""ravdess_19"", ""ravdess_20""]",1.0558401183648543,adapt::ravdess_song::egemaps::n4::r0::s13,0.3645833333333333,0.33809278150048944,0.3806818181818182,0.005681818181818182,0.47265625,0.015625,-0.08203125
ravdess_song,egemaps,adapted,4,176,0,42,"[""ravdess_03"", ""ravdess_12"", ""ravdess_19"", ""ravdess_20""]",1.0509783083742315,adapt::ravdess_song::egemaps::n4::r0::s42,0.3645833333333333,0.33809278150048944,0.3806818181818182,0.005681818181818182,0.46875,0.015625,-0.0859375
ravdess_song,egemaps,adapted,4,176,0,73,"[""ravdess_03"", ""ravdess_12"", ""ravdess_19"", ""ravdess_20""]",1.0526385740800337,adapt::ravdess_song::egemaps::n4::r0::s73,0.3697916666666667,0.3444421996146134,0.38636363636363635,0.005681818181818182,0.46875,0.02083333333333337,-0.0859375
ravdess_song,egemaps,adapted,4,176,1,13,"[""ravdess_07"", ""ravdess_14"", ""ravdess_16"", ""ravdess_19""]",0.7926922982389276,adapt::ravdess_song::egemaps::n4::r1::s13,0.4427083333333333,0.42465874178080226,0.44886363636363635,0.022727272727272728,0.5234375,0.09375,-0.03125
ravdess_song,egemaps,adapted,4,176,1,42,"[""ravdess_07"", ""ravdess_14"", ""ravdess_16"", ""ravdess_19""]",0.7868288159370422,adapt::ravdess_song::egemaps::n4::r1::s42,0.4427083333333333,0.42524719861160915,0.44886363636363635,0.022727272727272728,0.53515625,0.09375,-0.01953125
ravdess_song,egemaps,adapted,4,176,1,73,"[""ravdess_07"", ""ravdess_14"", ""ravdess_16"", ""ravdess_19""]",0.7897926352240823,adapt::ravdess_song::egemaps::n4::r1::s73,0.4427083333333333,0.42524719861160915,0.44886363636363635,0.022727272727272728,0.53125,0.09375,-0.0234375
ravdess_song,egemaps,adapted,4,176,2,13,"[""ravdess_08"", ""ravdess_12"", ""ravdess_16"", ""ravdess_22""]",22.868673758073285,adapt::ravdess_song::egemaps::n4::r2::s13,0.4114583333333333,0.35330097889936946,0.3977272727272727,0.011363636363636364,0.4609375,0.0625,-0.09375
ravdess_song,egemaps,adapted,4,176,2,42,"[""ravdess_08"", ""ravdess_12"", ""ravdess_16"", ""ravdess_22""]",22.6187137148597,adapt::ravdess_song::egemaps::n4::r2::s42,0.4270833333333333,0.36618962722978715,0.4090909090909091,0.011363636363636364,0.4609375,0.078125,-0.09375
ravdess_song,egemaps,adapted,4,176,2,73,"[""ravdess_08"", ""ravdess_12"", ""ravdess_16"", ""ravdess_22""]",22.081540969285097,adapt::ravdess_song::egemaps::n4::r2::s73,0.4270833333333333,0.3656100400257987,0.4090909090909091,0.011363636363636364,0.46484375,0.078125,-0.08984375
ravdess_song,egemaps,adapted,4,176,3,13,"[""ravdess_03"", ""ravdess_10"", ""ravdess_20"", ""ravdess_22""]",20.41153006662022,adapt::ravdess_song::egemaps::n4::r3::s13,0.4010416666666667,0.35913653902544374,0.4034090909090909,0.028409090909090908,0.51953125,0.05208333333333337,-0.03515625
ravdess_song,egemaps,adapted,4,176,3,42,"[""ravdess_03"", ""ravdess_10"", ""ravdess_20"", ""ravdess_22""]",20.32341767983003,adapt::ravdess_song::egemaps::n4::r3::s42,0.3958333333333333,0.3566889655766345,0.3977272727272727,0.028409090909090908,0.51171875,0.046875,-0.04296875
ravdess_song,egemaps,adapted,4,176,3,73,"[""ravdess_03"", ""ravdess_10"", ""ravdess_20"", ""ravdess_22""]",19.45147955417633,adapt::ravdess_song::egemaps::n4::r3::s73,0.390625,0.3523189853190852,0.39204545454545453,0.028409090909090908,0.5078125,0.041666666666666685,-0.046875
ravdess_song,egemaps,adapted,4,176,4,13,"[""ravdess_07"", ""ravdess_15"", ""ravdess_16"", ""ravdess_24""]",0.7966803041371432,adapt::ravdess_song::egemaps::n4::r4::s13,0.4322916666666667,0.4182446673059939,0.44886363636363635,0.028409090909090908,0.52734375,0.08333333333333337,-0.02734375
ravdess_song,egemaps,adapted,4,176,4,42,"[""ravdess_07"", ""ravdess_15"", ""ravdess_16"", ""ravdess_24""]",0.7925214442339811,adapt::ravdess_song::egemaps::n4::r4::s42,0.4322916666666667,0.41826687135224977,0.44886363636363635,0.028409090909090908,0.52734375,0.08333333333333337,-0.02734375
ravdess_song,egemaps,adapted,4,176,4,73,"[""ravdess_07"", ""ravdess_15"", ""ravdess_16"", ""ravdess_24""]",0.7930790944532915,adapt::ravdess_song::egemaps::n4::r4::s73,0.4322916666666667,0.41821597894511625,0.44886363636363635,0.028409090909090908,0.52734375,0.08333333333333337,-0.02734375
ravdess_song,egemaps,adapted,8,352,0,13,"[""ravdess_05"", ""ravdess_08"", ""ravdess_09"", ""ravdess_10"", ""ravdess_11"", ""ravdess_15"", ""ravdess_17"", ""ravdess_24""]",0.898735523223877,adapt::ravdess_song::egemaps::n8::r0::s13,0.4427083333333333,0.40871728719024586,0.4602272727272727,0.011363636363636364,0.54296875,0.09375,-0.01171875
ravdess_song,egemaps,adapted,8,352,0,42,"[""ravdess_05"", ""ravdess_08"", ""ravdess_09"", ""ravdess_10"", ""ravdess_11"", ""ravdess_15"", ""ravdess_17"", ""ravdess_24""]",0.898705395785245,adapt::ravdess_song::egemaps::n8::r0::s42,0.4322916666666667,0.3959248433672986,0.44886363636363635,0.011363636363636364,0.55078125,0.08333333333333337,-0.00390625
ravdess_song,egemaps,adapted,8,352,0,73,"[""ravdess_05"", ""ravdess_08"", ""ravdess_09"", ""ravdess_10"", ""ravdess_11"", ""ravdess_15"", ""ravdess_17"", ""ravdess_24""]",0.8985282968391072,adapt::ravdess_song::egemaps::n8::r0::s73,0.4375,0.4031588332099842,0.45454545454545453,0.011363636363636364,0.55078125,0.08854166666666669,-0.00390625
ravdess_song,egemaps,adapted,8,352,1,13,"[""ravdess_03"", ""ravdess_04"", ""ravdess_08"", ""ravdess_10"", ""ravdess_13"", ""ravdess_15"", ""ravdess_16"", ""ravdess_22""]",6.117568622935902,adapt::ravdess_song::egemaps::n8::r1::s13,0.4635416666666667,0.44049526434872993,0.4715909090909091,0.011363636363636364,0.53125,0.11458333333333337,-0.0234375
ravdess_song,egemaps,adapted,8,352,1,42,"[""ravdess_03"", ""ravdess_04"", ""ravdess_08"", ""ravdess_10"", ""ravdess_13"", ""ravdess_15"", ""ravdess_16"", ""ravdess_22""]",5.72702851078727,adapt::ravdess_song::egemaps::n8::r1::s42,0.4479166666666667,0.42114582397109196,0.45454545454545453,0.011363636363636364,0.51953125,0.09895833333333337,-0.03515625
ravdess_song,egemaps,adapted,8,352,1,73,"[""ravdess_03"", ""ravdess_04"", ""ravdess_08"", ""ravdess_10"", ""ravdess_13"", ""ravdess_15"", ""ravdess_16"", ""ravdess_22""]",5.9319633570584385,adapt::ravdess_song::egemaps::n8::r1::s73,0.4375,0.41097551880361327,0.44886363636363635,0.011363636363636364,0.51953125,0.08854166666666669,-0.03515625
ravdess_song,egemaps,adapted,8,352,2,13,"[""ravdess_05"", ""ravdess_09"", ""ravdess_10"", ""ravdess_11"", ""ravdess_12"", ""ravdess_19"", ""ravdess_20"", ""ravdess_24""]",0.8738883246075023,adapt::ravdess_song::egemaps::n8::r2::s13,0.4010416666666667,0.3729231255547045,0.4147727272727273,0.0,0.47265625,0.05208333333333337,-0.08203125
ravdess_song,egemaps,adapted,8,352,2,42,"[""ravdess_05"", ""ravdess_09"", ""ravdess_10"", ""ravdess_11"", ""ravdess_12"", ""ravdess_19"", ""ravdess_20"", ""ravdess_24""]",0.8762489882382479,adapt::ravdess_song::egemaps::n8::r2::s42,0.4114583333333333,0.38320998879200047,0.42045454545454547,0.0,0.4765625,0.0625,-0.078125
ravdess_song,egemaps,adapted,8,352,2,73,"[""ravdess_05"", ""ravdess_09"", ""ravdess_10"", ""ravdess_11"", ""ravdess_12"", ""ravdess_19"", ""ravdess_20"", ""ravdess_24""]",0.8703141700137745,adapt::ravdess_song::egemaps::n8::r2::s73,0.4010416666666667,0.3729231255547045,0.4147727272727273,0.0,0.46875,0.05208333333333337,-0.0859375
ravdess_song,egemaps,adapted,8,352,3,13,"[""ravdess_04"", ""ravdess_07"", ""ravdess_08"", ""ravdess_09"", ""ravdess_12"", ""ravdess_13"", ""ravdess_22"", ""ravdess_24""]",7.39279325983741,adapt::ravdess_song::egemaps::n8::r3::s13,0.4479166666666667,0.4141657376439985,0.4659090909090909,0.011363636363636364,0.484375,0.09895833333333337,-0.0703125
ravdess_song,egemaps,adapted,8,352,3,42,"[""ravdess_04"", ""ravdess_07"", ""ravdess_08"", ""ravdess_09"", ""ravdess_12"", ""ravdess_13"", ""ravdess_22"", ""ravdess_24""]",7.917185685851357,adapt::ravdess_song::egemaps::n8::r3::s42,0.4479166666666667,0.41284906212090683,0.4659090909090909,0.011363636363636364,0.48828125,0.09895833333333337,-0.06640625
ravdess_song,egemaps,adapted,8,352,3,73,"[""ravdess_04"", ""ravdess_07"", ""ravdess_08"", ""ravdess_09"", ""ravdess_12"", ""ravdess_13"", ""ravdess_22"", ""ravdess_24""]",8.076098333705556,adapt::ravdess_song::egemaps::n8::r3::s73,0.4427083333333333,0.41298321400449006,0.4602272727272727,0.011363636363636364,0.48828125,0.09375,-0.06640625
ravdess_song,egemaps,adapted,8,352,4,13,"[""ravdess_01"", ""ravdess_04"", ""ravdess_05"", ""ravdess_07"", ""ravdess_12"", ""ravdess_14"", ""ravdess_17"", ""ravdess_22""]",8.876776126298038,adapt::ravdess_song::egemaps::n8::r4::s13,0.4947916666666667,0.4883441680280301,0.5170454545454546,0.011363636363636364,0.515625,0.14583333333333337,-0.0390625
ravdess_song,egemaps,adapted,8,352,4,42,"[""ravdess_01"", ""ravdess_04"", ""ravdess_05"", ""ravdess_07"", ""ravdess_12"", ""ravdess_14"", ""ravdess_17"", ""ravdess_22""]",8.556954643943094,adapt::ravdess_song::egemaps::n8::r4::s42,0.5,0.4933627408983509,0.5227272727272727,0.011363636363636364,0.53515625,0.15104166666666669,-0.01953125
ravdess_song,egemaps,adapted,8,352,4,73,"[""ravdess_01"", ""ravdess_04"", ""ravdess_05"", ""ravdess_07"", ""ravdess_12"", ""ravdess_14"", ""ravdess_17"", ""ravdess_22""]",8.596513238820163,adapt::ravdess_song::egemaps::n8::r4::s73,0.5,0.49220657765384407,0.5227272727272727,0.011363636363636364,0.53125,0.15104166666666669,-0.0234375
ravdess_song,egemaps,adapted,19,836,0,13,"[""ravdess_01"", ""ravdess_03"", ""ravdess_04"", ""ravdess_05"", ""ravdess_07"", ""ravdess_08"", ""ravdess_09"", ""ravdess_10"", ""ravdess_11"", ""ravdess_12"", ""ravdess_13"", ""ravdess_14"", ""ravdess_15"", ""ravdess_16"", ""ravdess_17"", ""ravdess_19"", ""ravdess_20"", ""ravdess_22"", ""ravdess_24""]",1.4160789710482913,adapt::ravdess_song::egemaps::n19::r0::s13,0.4791666666666667,0.46352258852258843,0.4943181818181818,0.005681818181818182,0.51171875,0.13020833333333337,-0.04296875
ravdess_song,egemaps,adapted,19,836,0,42,"[""ravdess_01"", ""ravdess_03"", ""ravdess_04"", ""ravdess_05"", ""ravdess_07"", ""ravdess_08"", ""ravdess_09"", ""ravdess_10"", ""ravdess_11"", ""ravdess_12"", ""ravdess_13"", ""ravdess_14"", ""ravdess_15"", ""ravdess_16"", ""ravdess_17"", ""ravdess_19"", ""ravdess_20"", ""ravdess_22"", ""ravdess_24""]",1.310782777350485,adapt::ravdess_song::egemaps::n19::r0::s42,0.4947916666666667,0.47563087211777394,0.5113636363636364,0.005681818181818182,0.51171875,0.14583333333333337,-0.04296875
ravdess_song,egemaps,adapted,19,836,0,73,"[""ravdess_01"", ""ravdess_03"", ""ravdess_04"", ""ravdess_05"", ""ravdess_07"", ""ravdess_08"", ""ravdess_09"", ""ravdess_10"", ""ravdess_11"", ""ravdess_12"", ""ravdess_13"", ""ravdess_14"", ""ravdess_15"", ""ravdess_16"", ""ravdess_17"", ""ravdess_19"", ""ravdess_20"", ""ravdess_22"", ""ravdess_24""]",1.3140912472346182,adapt::ravdess_song::egemaps::n19::r0::s73,0.4895833333333333,0.4695466540627831,0.5,0.005681818181818182,0.51171875,0.140625,-0.04296875
ravdess_song,wav2vec_temporal,zero_shot,0,0,-1,-1,[],,zero_shot::ravdess_song::wav2vec_temporal,0.4583333333333333,0.39660859085824024,0.4602272727272727,0.005681818181818182,0.828125,0.0,0.0
ravdess_song,wav2vec_temporal,adapted,1,44,0,13,"[""ravdess_15""]",0.0013913928996771574,adapt::ravdess_song::wav2vec_temporal::n1::r0::s13,0.4895833333333333,0.4790872717173833,0.5,0.0,0.80859375,0.03125,-0.01953125
ravdess_song,wav2vec_temporal,adapted,1,44,0,42,"[""ravdess_15""]",0.0013913928996771574,adapt::ravdess_song::wav2vec_temporal::n1::r0::s42,0.4895833333333333,0.4790872717173833,0.5,0.0,0.80859375,0.03125,-0.01953125
ravdess_song,wav2vec_temporal,adapted,1,44,0,73,"[""ravdess_15""]",0.0013913928996771574,adapt::ravdess_song::wav2vec_temporal::n1::r0::s73,0.4895833333333333,0.4790872717173833,0.5,0.0,0.80859375,0.03125,-0.01953125
ravdess_song,wav2vec_temporal,adapted,1,44,1,13,"[""ravdess_11""]",0.0029142636340111494,adapt::ravdess_song::wav2vec_temporal::n1::r1::s13,0.5572916666666666,0.5443190959113676,0.5681818181818182,0.0,0.77734375,0.09895833333333331,-0.05078125
ravdess_song,wav2vec_temporal,adapted,1,44,1,42,"[""ravdess_11""]",0.002914258511736989,adapt::ravdess_song::wav2vec_temporal::n1::r1::s42,0.5572916666666666,0.5443190959113676,0.5681818181818182,0.0,0.77734375,0.09895833333333331,-0.05078125
ravdess_song,wav2vec_temporal,adapted,1,44,1,73,"[""ravdess_11""]",0.002914261072874069,adapt::ravdess_song::wav2vec_temporal::n1::r1::s73,0.5572916666666666,0.5443190959113676,0.5681818181818182,0.0,0.77734375,0.09895833333333331,-0.05078125
ravdess_song,wav2vec_temporal,adapted,1,44,2,13,"[""ravdess_04""]",0.002998660085722804,adapt::ravdess_song::wav2vec_temporal::n1::r2::s13,0.4895833333333333,0.4635305712075041,0.5,0.005681818181818182,0.73828125,0.03125,-0.08984375
ravdess_song,wav2vec_temporal,adapted,1,44,2,42,"[""ravdess_04""]",0.0029986596200615168,adapt::ravdess_song::wav2vec_temporal::n1::r2::s42,0.4895833333333333,0.4635305712075041,0.5,0.005681818181818182,0.73828125,0.03125,-0.08984375
ravdess_song,wav2vec_temporal,adapted,1,44,2,73,"[""ravdess_04""]",0.0029986572917550802,adapt::ravdess_song::wav2vec_temporal::n1::r2::s73,0.4895833333333333,0.4635305712075041,0.5,0.005681818181818182,0.73828125,0.03125,-0.08984375
ravdess_song,wav2vec_temporal,adapted,1,44,3,13,"[""ravdess_08""]",0.001007221988402307,adapt::ravdess_song::wav2vec_temporal::n1::r3::s13,0.5260416666666666,0.4952864280852826,0.48863636363636365,0.005681818181818182,0.7265625,0.06770833333333331,-0.1015625
ravdess_song,wav2vec_temporal,adapted,1,44,3,42,"[""ravdess_08""]",0.001007221988402307,adapt::ravdess_song::wav2vec_temporal::n1::r3::s42,0.5260416666666666,0.4952864280852826,0.48863636363636365,0.005681818181818182,0.7265625,0.06770833333333331,-0.1015625
ravdess_song,wav2vec_temporal,adapted,1,44,3,73,"[""ravdess_08""]",0.001007221988402307,adapt::ravdess_song::wav2vec_temporal::n1::r3::s73,0.5260416666666666,0.4952864280852826,0.48863636363636365,0.005681818181818182,0.7265625,0.06770833333333331,-0.1015625
ravdess_song,wav2vec_temporal,adapted,1,44,4,13,"[""ravdess_13""]",0.003718347055837512,adapt::ravdess_song::wav2vec_temporal::n1::r4::s13,0.4583333333333333,0.46866138295037735,0.4772727272727273,0.0,0.7890625,0.0,-0.0390625
ravdess_song,wav2vec_temporal,adapted,1,44,4,42,"[""ravdess_13""]",0.003718347055837512,adapt::ravdess_song::wav2vec_temporal::n1::r4::s42,0.4583333333333333,0.46866138295037735,0.4772727272727273,0.0,0.7890625,0.0,-0.0390625
ravdess_song,wav2vec_temporal,adapted,1,44,4,73,"[""ravdess_13""]",0.0037183447275310755,adapt::ravdess_song::wav2vec_temporal::n1::r4::s73,0.4583333333333333,0.46866138295037735,0.4772727272727273,0.0,0.7890625,0.0,-0.0390625
ravdess_song,wav2vec_temporal,adapted,2,88,0,13,"[""ravdess_01"", ""ravdess_17""]",0.004028271121734922,adapt::ravdess_song::wav2vec_temporal::n2::r0::s13,0.5052083333333334,0.5060692823351051,0.5227272727272727,0.0,0.78125,0.046875000000000056,-0.046875
ravdess_song,wav2vec_temporal,adapted,2,88,0,42,"[""ravdess_01"", ""ravdess_17""]",0.004192037042230368,adapt::ravdess_song::wav2vec_temporal::n2::r0::s42,0.5052083333333334,0.5087169272535126,0.5227272727272727,0.0,0.78515625,0.046875000000000056,-0.04296875
ravdess_song,wav2vec_temporal,adapted,2,88,0,73,"[""ravdess_01"", ""ravdess_17""]",0.004216115011579611,adapt::ravdess_song::wav2vec_temporal::n2::r0::s73,0.4895833333333333,0.48709579121875685,0.5113636363636364,0.0,0.7734375,0.03125,-0.0546875
ravdess_song,wav2vec_temporal,adapted,2,88,1,13,"[""ravdess_13"", ""ravdess_20""]",0.004383053969253193,adapt::ravdess_song::wav2vec_temporal::n2::r1::s13,0.5572916666666666,0.5696128872824592,0.5738636363636364,0.0,0.76171875,0.09895833333333331,-0.06640625
ravdess_song,wav2vec_temporal,adapted,2,88,1,42,"[""ravdess_13"", ""ravdess_20""]",0.004251833031461997,adapt::ravdess_song::wav2vec_temporal::n2::r1::s42,0.5625,0.575466409337377,0.5795454545454546,0.0,0.76171875,0.10416666666666669,-0.06640625
ravdess_song,wav2vec_temporal,adapted,2,88,1,73,"[""ravdess_13"", ""ravdess_20""]",0.004340779417279092,adapt::ravdess_song::wav2vec_temporal::n2::r1::s73,0.5677083333333334,0.5826079567942904,0.5852272727272727,0.0,0.765625,0.10937500000000006,-0.0625
ravdess_song,wav2vec_temporal,adapted,2,88,2,13,"[""ravdess_13"", ""ravdess_14""]",0.003826493482020768,adapt::ravdess_song::wav2vec_temporal::n2::r2::s13,0.5260416666666666,0.5415575361757758,0.5397727272727273,0.0,0.75390625,0.06770833333333331,-0.07421875
ravdess_song,wav2vec_temporal,adapted,2,88,2,42,"[""ravdess_13"", ""ravdess_14""]",0.003931491635739803,adapt::ravdess_song::wav2vec_temporal::n2::r2::s42,0.5208333333333334,0.5362044946897682,0.5340909090909091,0.0,0.765625,0.06250000000000006,-0.0625
ravdess_song,wav2vec_temporal,adapted,2,88,2,73,"[""ravdess_13"", ""ravdess_14""]",0.003912597344341603,adapt::ravdess_song::wav2vec_temporal::n2::r2::s73,0.53125,0.5473562445472941,0.5454545454545454,0.0,0.76171875,0.07291666666666669,-0.06640625
ravdess_song,wav2vec_temporal,adapted,2,88,3,13,"[""ravdess_04"", ""ravdess_20""]",0.004000228618017652,adapt::ravdess_song::wav2vec_temporal::n2::r3::s13,0.5572916666666666,0.5410223854389237,0.5625,0.005681818181818182,0.75,0.09895833333333331,-0.078125
ravdess_song,wav2vec_temporal,adapted,2,88,3,42,"[""ravdess_04"", ""ravdess_20""]",0.003866745772856203,adapt::ravdess_song::wav2vec_temporal::n2::r3::s42,0.5520833333333334,0.5371050696467118,0.5568181818181818,0.005681818181818182,0.7421875,0.09375000000000006,-0.0859375
ravdess_song,wav2vec_temporal,adapted,2,88,3,73,"[""ravdess_04"", ""ravdess_20""]",0.004015280462970788,adapt::ravdess_song::wav2vec_temporal::n2::r3::s73,0.546875,0.5305678231055833,0.5511363636363636,0.005681818181818182,0.74609375,0.08854166666666669,-0.08203125
ravdess_song,wav2vec_temporal,adapted,2,88,4,13,"[""ravdess_07"", ""ravdess_13""]",0.003875169860707088,adapt::ravdess_song::wav2vec_temporal::n2::r4::s13,0.46875,0.4782543435025704,0.48863636363636365,0.0,0.76953125,0.010416666666666685,-0.05859375
ravdess_song,wav2vec_temporal,adapted,2,88,4,42,"[""ravdess_07"", ""ravdess_13""]",0.003824423702264374,adapt::ravdess_song::wav2vec_temporal::n2::r4::s42,0.46875,0.4782543435025704,0.48863636363636365,0.0,0.7734375,0.010416666666666685,-0.0546875
ravdess_song,wav2vec_temporal,adapted,2,88,4,73,"[""ravdess_07"", ""ravdess_13""]",0.0037737296978858385,adapt::ravdess_song::wav2vec_temporal::n2::r4::s73,0.46875,0.4782543435025704,0.48863636363636365,0.0,0.76953125,0.010416666666666685,-0.05859375
ravdess_song,wav2vec_temporal,adapted,4,176,0,13,"[""ravdess_03"", ""ravdess_12"", ""ravdess_19"", ""ravdess_20""]",0.0034944291268898683,adapt::ravdess_song::wav2vec_temporal::n4::r0::s13,0.5208333333333334,0.5187730857542178,0.5227272727272727,0.0,0.7578125,0.06250000000000006,-0.0703125
ravdess_song,wav2vec_temporal,adapted,4,176,0,42,"[""ravdess_03"", ""ravdess_12"", ""ravdess_19"", ""ravdess_20""]",0.0035330352627418256,adapt::ravdess_song::wav2vec_temporal::n4::r0::s42,0.5260416666666666,0.5236650972036064,0.5284090909090909,0.0,0.74609375,0.06770833333333331,-0.08203125
ravdess_song,wav2vec_temporal,adapted,4,176,0,73,"[""ravdess_03"", ""ravdess_12"", ""ravdess_19"", ""ravdess_20""]",0.003392114177007567,adapt::ravdess_song::wav2vec_temporal::n4::r0::s73,0.5208333333333334,0.5201896947082368,0.5227272727272727,0.0,0.75,0.06250000000000006,-0.078125
ravdess_song,wav2vec_temporal,adapted,4,176,1,13,"[""ravdess_07"", ""ravdess_14"", ""ravdess_16"", ""ravdess_19""]",0.0039526548194275665,adapt::ravdess_song::wav2vec_temporal::n4::r1::s13,0.5520833333333334,0.5340082256294972,0.5340909090909091,0.0,0.765625,0.09375000000000006,-0.0625
ravdess_song,wav2vec_temporal,adapted,4,176,1,42,"[""ravdess_07"", ""ravdess_14"", ""ravdess_16"", ""ravdess_19""]",0.003902028865096244,adapt::ravdess_song::wav2vec_temporal::n4::r1::s42,0.5625,0.5361440763401547,0.5397727272727273,0.0,0.75390625,0.10416666666666669,-0.07421875
ravdess_song,wav2vec_temporal,adapted,4,176,1,73,"[""ravdess_07"", ""ravdess_14"", ""ravdess_16"", ""ravdess_19""]",0.003719826609912244,adapt::ravdess_song::wav2vec_temporal::n4::r1::s73,0.546875,0.5251747871902911,0.5284090909090909,0.0,0.76171875,0.08854166666666669,-0.06640625
ravdess_song,wav2vec_temporal,adapted,4,176,2,13,"[""ravdess_08"", ""ravdess_12"", ""ravdess_16"", ""ravdess_22""]",0.005915522914041172,adapt::ravdess_song::wav2vec_temporal::n4::r2::s13,0.6041666666666666,0.5740341014645675,0.5909090909090909,0.005681818181818182,0.67578125,0.14583333333333331,-0.15234375
ravdess_song,wav2vec_temporal,adapted,4,176,2,42,"[""ravdess_08"", ""ravdess_12"", ""ravdess_16"", ""ravdess_22""]",0.005754387302493507,adapt::ravdess_song::wav2vec_temporal::n4::r2::s42,0.609375,0.5841426354584249,0.5965909090909091,0.005681818181818182,0.67578125,0.15104166666666669,-0.15234375
ravdess_song,wav2vec_temporal,adapted,4,176,2,73,"[""ravdess_08"", ""ravdess_12"", ""ravdess_16"", ""ravdess_22""]",0.005807599391449581,adapt::ravdess_song::wav2vec_temporal::n4::r2::s73,0.5989583333333334,0.5664876753586431,0.5852272727272727,0.005681818181818182,0.67578125,0.14062500000000006,-0.15234375
ravdess_song,wav2vec_temporal,adapted,4,176,3,13,"[""ravdess_03"", ""ravdess_10"", ""ravdess_20"", ""ravdess_22""]",0.004996380472386425,adapt::ravdess_song::wav2vec_temporal::n4::r3::s13,0.59375,0.5730481348284138,0.5852272727272727,0.0,0.71484375,0.13541666666666669,-0.11328125
ravdess_song,wav2vec_temporal,adapted,4,176,3,42,"[""ravdess_03"", ""ravdess_10"", ""ravdess_20"", ""ravdess_22""]",0.005160609598864208,adapt::ravdess_song::wav2vec_temporal::n4::r3::s42,0.59375,0.5732981965783561,0.5852272727272727,0.0,0.71484375,0.13541666666666669,-0.11328125
ravdess_song,wav2vec_temporal,adapted,4,176,3,73,"[""ravdess_03"", ""ravdess_10"", ""ravdess_20"", ""ravdess_22""]",0.004935525315390391,adapt::ravdess_song::wav2vec_temporal::n4::r3::s73,0.59375,0.5732981965783561,0.5852272727272727,0.0,0.71875,0.13541666666666669,-0.109375
ravdess_song,wav2vec_temporal,adapted,4,176,4,13,"[""ravdess_07"", ""ravdess_15"", ""ravdess_16"", ""ravdess_24""]",0.004359708358110352,adapt::ravdess_song::wav2vec_temporal::n4::r4::s13,0.65625,0.6281603574516598,0.6420454545454546,0.0,0.76953125,0.19791666666666669,-0.05859375
ravdess_song,wav2vec_temporal,adapted,4,176,4,42,"[""ravdess_07"", ""ravdess_15"", ""ravdess_16"", ""ravdess_24""]",0.00417621357535774,adapt::ravdess_song::wav2vec_temporal::n4::r4::s42,0.6510416666666666,0.628623835302443,0.6363636363636364,0.0,0.7734375,0.19270833333333331,-0.0546875
ravdess_song,wav2vec_temporal,adapted,4,176,4,73,"[""ravdess_07"", ""ravdess_15"", ""ravdess_16"", ""ravdess_24""]",0.004370346072722565,adapt::ravdess_song::wav2vec_temporal::n4::r4::s73,0.65625,0.6273413208146336,0.6420454545454546,0.0,0.7734375,0.19791666666666669,-0.0546875
ravdess_song,wav2vec_temporal,adapted,8,352,0,13,"[""ravdess_05"", ""ravdess_08"", ""ravdess_09"", ""ravdess_10"", ""ravdess_11"", ""ravdess_15"", ""ravdess_17"", ""ravdess_24""]",0.005208905786275864,adapt::ravdess_song::wav2vec_temporal::n8::r0::s13,0.6302083333333334,0.5831686896203025,0.6193181818181818,0.0,0.76953125,0.17187500000000006,-0.05859375
ravdess_song,wav2vec_temporal,adapted,8,352,0,42,"[""ravdess_05"", ""ravdess_08"", ""ravdess_09"", ""ravdess_10"", ""ravdess_11"", ""ravdess_15"", ""ravdess_17"", ""ravdess_24""]",0.0051932986825704575,adapt::ravdess_song::wav2vec_temporal::n8::r0::s42,0.6302083333333334,0.5831686896203025,0.6193181818181818,0.0,0.76953125,0.17187500000000006,-0.05859375
ravdess_song,wav2vec_temporal,adapted,8,352,0,73,"[""ravdess_05"", ""ravdess_08"", ""ravdess_09"", ""ravdess_10"", ""ravdess_11"", ""ravdess_15"", ""ravdess_17"", ""ravdess_24""]",0.005190035942095247,adapt::ravdess_song::wav2vec_temporal::n8::r0::s73,0.6302083333333334,0.5831686896203025,0.6193181818181818,0.0,0.76953125,0.17187500000000006,-0.05859375
ravdess_song,wav2vec_temporal,adapted,8,352,1,13,"[""ravdess_03"", ""ravdess_04"", ""ravdess_08"", ""ravdess_10"", ""ravdess_13"", ""ravdess_15"", ""ravdess_16"", ""ravdess_22""]",0.0057295762764459305,adapt::ravdess_song::wav2vec_temporal::n8::r1::s13,0.5833333333333334,0.5758817741111092,0.6022727272727273,0.0,0.7890625,0.12500000000000006,-0.0390625
ravdess_song,wav2vec_temporal,adapted,8,352,1,42,"[""ravdess_03"", ""ravdess_04"", ""ravdess_08"", ""ravdess_10"", ""ravdess_13"", ""ravdess_15"", ""ravdess_16"", ""ravdess_22""]",0.00575815158134157,adapt::ravdess_song::wav2vec_temporal::n8::r1::s42,0.59375,0.5888459222045949,0.6136363636363636,0.0,0.78515625,0.13541666666666669,-0.04296875
ravdess_song,wav2vec_temporal,adapted,8,352,1,73,"[""ravdess_03"", ""ravdess_04"", ""ravdess_08"", ""ravdess_10"", ""ravdess_13"", ""ravdess_15"", ""ravdess_16"", ""ravdess_22""]",0.005867915905334733,adapt::ravdess_song::wav2vec_temporal::n8::r1::s73,0.5885416666666666,0.5842619698152485,0.6079545454545454,0.0,0.78515625,0.13020833333333331,-0.04296875
ravdess_song,wav2vec_temporal,adapted,8,352,2,13,"[""ravdess_05"", ""ravdess_09"", ""ravdess_10"", ""ravdess_11"", ""ravdess_12"", ""ravdess_19"", ""ravdess_20"", ""ravdess_24""]",0.005074702753600749,adapt::ravdess_song::wav2vec_temporal::n8::r2::s13,0.6041666666666666,0.5787458159663721,0.5965909090909091,0.0,0.70703125,0.14583333333333331,-0.12109375
ravdess_song,wav2vec_temporal,adapted,8,352,2,42,"[""ravdess_05"", ""ravdess_09"", ""ravdess_10"", ""ravdess_11"", ""ravdess_12"", ""ravdess_19"", ""ravdess_20"", ""ravdess_24""]",0.005268035922199488,adapt::ravdess_song::wav2vec_temporal::n8::r2::s42,0.59375,0.567151547727754,0.5852272727272727,0.0,0.71484375,0.13541666666666669,-0.11328125
ravdess_song,wav2vec_temporal,adapted,8,352,2,73,"[""ravdess_05"", ""ravdess_09"", ""ravdess_10"", ""ravdess_11"", ""ravdess_12"", ""ravdess_19"", ""ravdess_20"", ""ravdess_24""]",0.005153419534591111,adapt::ravdess_song::wav2vec_temporal::n8::r2::s73,0.6041666666666666,0.5772206464650688,0.5965909090909091,0.0,0.7109375,0.14583333333333331,-0.1171875
ravdess_song,wav2vec_temporal,adapted,8,352,3,13,"[""ravdess_04"", ""ravdess_07"", ""ravdess_08"", ""ravdess_09"", ""ravdess_12"", ""ravdess_13"", ""ravdess_22"", ""ravdess_24""]",0.0056259225291961975,adapt::ravdess_song::wav2vec_temporal::n8::r3::s13,0.609375,0.6049618917114755,0.6193181818181818,0.0,0.74609375,0.15104166666666669,-0.08203125
ravdess_song,wav2vec_temporal,adapted,8,352,3,42,"[""ravdess_04"", ""ravdess_07"", ""ravdess_08"", ""ravdess_09"", ""ravdess_12"", ""ravdess_13"", ""ravdess_22"", ""ravdess_24""]",0.005684869152239778,adapt::ravdess_song::wav2vec_temporal::n8::r3::s42,0.6041666666666666,0.6010503223489612,0.6136363636363636,0.0,0.75,0.14583333333333331,-0.078125
ravdess_song,wav2vec_temporal,adapted,8,352,3,73,"[""ravdess_04"", ""ravdess_07"", ""ravdess_08"", ""ravdess_09"", ""ravdess_12"", ""ravdess_13"", ""ravdess_22"", ""ravdess_24""]",0.005660402673211965,adapt::ravdess_song::wav2vec_temporal::n8::r3::s73,0.6041666666666666,0.595989996598553,0.6136363636363636,0.0,0.75,0.14583333333333331,-0.078125
ravdess_song,wav2vec_temporal,adapted,8,352,4,13,"[""ravdess_01"", ""ravdess_04"", ""ravdess_05"", ""ravdess_07"", ""ravdess_12"", ""ravdess_14"", ""ravdess_17"", ""ravdess_22""]",0.005201355765827678,adapt::ravdess_song::wav2vec_temporal::n8::r4::s13,0.578125,0.579198800420525,0.5738636363636364,0.0,0.7421875,0.11979166666666669,-0.0859375
ravdess_song,wav2vec_temporal,adapted,8,352,4,42,"[""ravdess_01"", ""ravdess_04"", ""ravdess_05"", ""ravdess_07"", ""ravdess_12"", ""ravdess_14"", ""ravdess_17"", ""ravdess_22""]",0.005296323998746547,adapt::ravdess_song::wav2vec_temporal::n8::r4::s42,0.5677083333333334,0.568500398094713,0.5681818181818182,0.0,0.734375,0.10937500000000006,-0.09375
ravdess_song,wav2vec_temporal,adapted,8,352,4,73,"[""ravdess_01"", ""ravdess_04"", ""ravdess_05"", ""ravdess_07"", ""ravdess_12"", ""ravdess_14"", ""ravdess_17"", ""ravdess_22""]",0.0051643299785527315,adapt::ravdess_song::wav2vec_temporal::n8::r4::s73,0.578125,0.578074946266704,0.5738636363636364,0.0,0.75390625,0.11979166666666669,-0.07421875
ravdess_song,wav2vec_temporal,adapted,19,836,0,13,"[""ravdess_01"", ""ravdess_03"", ""ravdess_04"", ""ravdess_05"", ""ravdess_07"", ""ravdess_08"", ""ravdess_09"", ""ravdess_10"", ""ravdess_11"", ""ravdess_12"", ""ravdess_13"", ""ravdess_14"", ""ravdess_15"", ""ravdess_16"", ""ravdess_17"", ""ravdess_19"", ""ravdess_20"", ""ravdess_22"", ""ravdess_24""]",0.005305226355552691,adapt::ravdess_song::wav2vec_temporal::n19::r0::s13,0.640625,0.6363298854765166,0.6363636363636364,0.0,0.765625,0.18229166666666669,-0.0625
ravdess_song,wav2vec_temporal,adapted,19,836,0,42,"[""ravdess_01"", ""ravdess_03"", ""ravdess_04"", ""ravdess_05"", ""ravdess_07"", ""ravdess_08"", ""ravdess_09"", ""ravdess_10"", ""ravdess_11"", ""ravdess_12"", ""ravdess_13"", ""ravdess_14"", ""ravdess_15"", ""ravdess_16"", ""ravdess_17"", ""ravdess_19"", ""ravdess_20"", ""ravdess_22"", ""ravdess_24""]",0.005497488747997005,adapt::ravdess_song::wav2vec_temporal::n19::r0::s42,0.640625,0.638706594740814,0.6363636363636364,0.0,0.76953125,0.18229166666666669,-0.05859375
ravdess_song,wav2vec_temporal,adapted,19,836,0,73,"[""ravdess_01"", ""ravdess_03"", ""ravdess_04"", ""ravdess_05"", ""ravdess_07"", ""ravdess_08"", ""ravdess_09"", ""ravdess_10"", ""ravdess_11"", ""ravdess_12"", ""ravdess_13"", ""ravdess_14"", ""ravdess_15"", ""ravdess_16"", ""ravdess_17"", ""ravdess_19"", ""ravdess_20"", ""ravdess_22"", ""ravdess_24""]",0.005405014349620023,adapt::ravdess_song::wav2vec_temporal::n19::r0::s73,0.6354166666666666,0.6314076761480358,0.6306818181818182,0.0,0.75390625,0.17708333333333331,-0.07421875
emodb,egemaps,zero_shot,0,0,-1,-1,[],,zero_shot::emodb::egemaps,0.21744838286191667,0.1629540705170957,0.2846153846153846,0.1,0.5546875,0.0,0.0
emodb,egemaps,adapted,1,35,0,13,"[""emodb_12""]",2.7673821449279785,adapt::emodb::egemaps::n1::r0::s13,0.4292860126506743,0.38068765589774,0.43846153846153846,0.0,0.53125,0.21183762978875761,-0.0234375
emodb,egemaps,adapted,1,35,0,42,"[""emodb_12""]",2.7673816680908203,adapt::emodb::egemaps::n1::r0::s42,0.4292860126506743,0.38068765589774,0.43846153846153846,0.0,0.53125,0.21183762978875761,-0.0234375
emodb,egemaps,adapted,1,35,0,73,"[""emodb_12""]",2.7673819065093994,adapt::emodb::egemaps::n1::r0::s73,0.4292860126506743,0.38068765589774,0.43846153846153846,0.0,0.53125,0.21183762978875761,-0.0234375
emodb,egemaps,adapted,1,38,1,13,"[""emodb_10""]",2.55325984954834,adapt::emodb::egemaps::n1::r1::s13,0.447906969805466,0.41890172724398467,0.46153846153846156,0.007692307692307693,0.53515625,0.23045858694354934,-0.01953125
emodb,egemaps,adapted,1,38,1,42,"[""emodb_10""]",2.5532593727111816,adapt::emodb::egemaps::n1::r1::s42,0.447906969805466,0.41890172724398467,0.46153846153846156,0.007692307692307693,0.53515625,0.23045858694354934,-0.01953125
emodb,egemaps,adapted,1,38,1,73,"[""emodb_10""]",2.5532596111297607,adapt::emodb::egemaps::n1::r1::s73,0.447906969805466,0.41890172724398467,0.46153846153846156,0.007692307692307693,0.53515625,0.23045858694354934,-0.01953125
emodb,egemaps,adapted,1,58,2,13,"[""emodb_08""]",3.015212059020996,adapt::emodb::egemaps::n1::r2::s13,0.3560269721923857,0.3338171641095089,0.4,0.038461538461538464,0.5703125,0.13857858933046904,0.015625
emodb,egemaps,adapted,1,58,2,42,"[""emodb_08""]",3.015211820602417,adapt::emodb::egemaps::n1::r2::s42,0.3560269721923857,0.3338171641095089,0.4,0.038461538461538464,0.5703125,0.13857858933046904,0.015625
emodb,egemaps,adapted,1,58,2,73,"[""emodb_08""]",3.015211582183838,adapt::emodb::egemaps::n1::r2::s73,0.3560269721923857,0.3338171641095089,0.4,0.038461538461538464,0.5703125,0.13857858933046904,0.015625
emodb,egemaps,adapted,1,43,3,13,"[""emodb_09""]",4.9601569175720215,adapt::emodb::egemaps::n1::r3::s13,0.4527539085809762,0.4174699323420006,0.46923076923076923,0.0,0.49609375,0.23530552571905952,-0.05859375
emodb,egemaps,adapted,1,43,3,42,"[""emodb_09""]",4.96015739440918,adapt::emodb::egemaps::n1::r3::s42,0.4527539085809762,0.4174699323420006,0.46923076923076923,0.0,0.49609375,0.23530552571905952,-0.05859375
emodb,egemaps,adapted,1,43,3,73,"[""emodb_09""]",4.96015739440918,adapt::emodb::egemaps::n1::r3::s73,0.4527539085809762,0.4174699323420006,0.46923076923076923,0.0,0.49609375,0.23530552571905952,-0.05859375
emodb,egemaps,adapted,1,55,4,13,"[""emodb_11""]",3.351191997528076,adapt::emodb::egemaps::n1::r4::s13,0.47297261009667035,0.44296363757794327,0.5,0.007692307692307693,0.54296875,0.25552422723475365,-0.01171875
emodb,egemaps,adapted,1,55,4,42,"[""emodb_11""]",3.3511924743652344,adapt::emodb::egemaps::n1::r4::s42,0.47297261009667035,0.44296363757794327,0.5,0.007692307692307693,0.54296875,0.25552422723475365,-0.01171875
emodb,egemaps,adapted,1,55,4,73,"[""emodb_11""]",3.3511922359466553,adapt::emodb::egemaps::n1::r4::s73,0.47297261009667035,0.44296363757794327,0.5,0.007692307692307693,0.54296875,0.25552422723475365,-0.01171875
emodb,egemaps,adapted,2,105,0,13,"[""emodb_03"", ""emodb_15""]",1.05006168172473,adapt::emodb::egemaps::n2::r0::s13,0.50640440386681,0.4779801526345305,0.5307692307692308,0.007692307692307693,0.50390625,0.28895602100489326,-0.05078125
emodb,egemaps,adapted,2,105,0,42,"[""emodb_03"", ""emodb_15""]",1.05419636794499,adapt::emodb::egemaps::n2::r0::s42,0.5028896646377848,0.4740023771953127,0.5230769230769231,0.0,0.5,0.28544128177586814,-0.0546875
emodb,egemaps,adapted,2,105,0,73,"[""emodb_03"", ""emodb_15""]",1.0480808774630228,adapt::emodb::egemaps::n2::r0::s73,0.5088211600429645,0.478519236192482,0.5307692307692308,0.007692307692307693,0.49609375,0.2913727771810478,-0.05859375
emodb,egemaps,adapted,2,111,1,13,"[""emodb_11"", ""emodb_15""]",1.2184827005541004,adapt::emodb::egemaps::n2::r1::s13,0.4838495047141663,0.47274654403957733,0.5153846153846153,0.0,0.4921875,0.2664011218522496,-0.0625
emodb,egemaps,adapted,2,111,1,42,"[""emodb_11"", ""emodb_15""]",1.2174290300489545,adapt::emodb::egemaps::n2::r1::s42,0.49847535505430246,0.4872952348094663,0.5307692307692308,0.0,0.4921875,0.2810269721923858,-0.0625
emodb,egemaps,adapted,2,111,1,73,"[""emodb_11"", ""emodb_15""]",1.2158323676736504,adapt::emodb::egemaps::n2::r1::s73,0.49337331423797587,0.4828540709212978,0.5230769230769231,0.0,0.49609375,0.2759249313760592,-0.05859375
emodb,egemaps,adapted,2,126,2,13,"[""emodb_11"", ""emodb_16""]",6.966705746120876,adapt::emodb::egemaps::n2::r2::s13,0.47525361021601625,0.45163890117450484,0.47692307692307695,0.007692307692307693,0.5234375,0.2578052273540996,-0.03125
emodb,egemaps,adapted,2,126,2,42,"[""emodb_11"", ""emodb_16""]",6.869655839980594,adapt::emodb::egemaps::n2::r2::s42,0.4784849027330231,0.4532023054160394,0.47692307692307695,0.015384615384615385,0.515625,0.26103651987110643,-0.0390625
emodb,egemaps,adapted,2,126,2,73,"[""emodb_11"", ""emodb_16""]",6.905169627023121,adapt::emodb::egemaps::n2::r2::s73,0.4705483947965151,0.44678149147642854,0.46923076923076923,0.015384615384615385,0.515625,0.2531000119345984,-0.0390625
emodb,egemaps,adapted,2,105,3,13,"[""emodb_03"", ""emodb_15""]",1.05006168172473,adapt::emodb::egemaps::n2::r3::s13,0.50640440386681,0.4779801526345305,0.5307692307692308,0.007692307692307693,0.50390625,0.28895602100489326,-0.05078125
emodb,egemaps,adapted,2,105,3,42,"[""emodb_03"", ""emodb_15""]",1.05419636794499,adapt::emodb::egemaps::n2::r3::s42,0.5028896646377848,0.4740023771953127,0.5230769230769231,0.0,0.5,0.28544128177586814,-0.0546875
emodb,egemaps,adapted,2,105,3,73,"[""emodb_03"", ""emodb_15""]",1.0480808774630228,adapt::emodb::egemaps::n2::r3::s73,0.5088211600429645,0.478519236192482,0.5307692307692308,0.007692307692307693,0.49609375,0.2913727771810478,-0.05859375
emodb,egemaps,adapted,2,113,4,13,"[""emodb_08"", ""emodb_11""]",1.6108517520195615,adapt::emodb::egemaps::n2::r4::s13,0.488078828022437,0.4899054370072315,0.5153846153846153,0.007692307692307693,0.46875,0.27063044516052037,-0.0859375
emodb,egemaps,adapted,2,113,4,42,"[""emodb_08"", ""emodb_11""]",1.5831144721107144,adapt::emodb::egemaps::n2::r4::s42,0.4970073994510084,0.49891538581434053,0.5230769230769231,0.007692307692307693,0.4765625,0.27955901658909177,-0.078125
emodb,egemaps,adapted,2,113,4,73,"[""emodb_08"", ""emodb_11""]",1.6337123043769228,adapt::emodb::egemaps::n2::r4::s73,0.488078828022437,0.4888989654530926,0.5153846153846153,0.007692307692307693,0.47265625,0.27063044516052037,-0.08203125
emodb,egemaps,adapted,4,177,0,13,"[""emodb_03"", ""emodb_10"", ""emodb_11"", ""emodb_12""]",1.0508817235628765,adapt::emodb::egemaps::n4::r0::s13,0.5562626805108009,0.5159017466135435,0.5923076923076923,0.0,0.48046875,0.33881429764888416,-0.07421875
emodb,egemaps,adapted,4,177,0,42,"[""emodb_03"", ""emodb_10"", ""emodb_11"", ""emodb_12""]",1.0610980088427915,adapt::emodb::egemaps::n4::r0::s42,0.5562626805108009,0.5181265979067178,0.5923076923076923,0.0,0.47265625,0.33881429764888416,-0.08203125
emodb,egemaps,adapted,4,177,0,73,"[""emodb_03"", ""emodb_10"", ""emodb_11"", ""emodb_12""]",0.9918238946610252,adapt::emodb::egemaps::n4::r0::s73,0.5562626805108009,0.5181265979067178,0.5923076923076923,0.0,0.4765625,0.33881429764888416,-0.078125
emodb,egemaps,adapted,4,219,1,13,"[""emodb_08"", ""emodb_11"", ""emodb_12"", ""emodb_16""]",2.7887569301204596,adapt::emodb::egemaps::n4::r1::s13,0.5556957870867645,0.5455022167376027,0.5538461538461539,0.0,0.484375,0.3382474042248478,-0.0703125
emodb,egemaps,adapted,4,219,1,42,"[""emodb_08"", ""emodb_11"", ""emodb_12"", ""emodb_16""]",2.7577791001698744,adapt::emodb::egemaps::n4::r1::s42,0.5429406850459482,0.5275381030529772,0.5461538461538461,0.0,0.47265625,0.32549230218403147,-0.08203125
emodb,egemaps,adapted,4,219,1,73,"[""emodb_08"", ""emodb_11"", ""emodb_12"", ""emodb_16""]",2.6620179123530106,adapt::emodb::egemaps::n4::r1::s73,0.5429406850459482,0.5280927488088614,0.5461538461538461,0.0,0.48046875,0.32549230218403147,-0.07421875
emodb,egemaps,adapted,4,227,2,13,"[""emodb_08"", ""emodb_09"", ""emodb_11"", ""emodb_16""]",3.0274495521831093,adapt::emodb::egemaps::n4::r2::s13,0.5818862632772407,0.5726678268206509,0.5769230769230769,0.0,0.45703125,0.364437880415324,-0.09765625
emodb,egemaps,adapted,4,227,2,42,"[""emodb_08"", ""emodb_09"", ""emodb_11"", ""emodb_16""]",3.0325399390401295,adapt::emodb::egemaps::n4::r2::s42,0.5920903449098937,0.5871526584437571,0.5923076923076923,0.0,0.45703125,0.37464196204797695,-0.09765625
emodb,egemaps,adapted,4,227,2,73,"[""emodb_08"", ""emodb_09"", ""emodb_11"", ""emodb_16""]",3.071399667714661,adapt::emodb::egemaps::n4::r2::s73,0.5869883040935672,0.580733061780258,0.5846153846153846,0.0,0.45703125,0.36953992123165047,-0.09765625
emodb,egemaps,adapted,4,219,3,13,"[""emodb_03"", ""emodb_09"", ""emodb_15"", ""emodb_16""]",2.7282444059032285,adapt::emodb::egemaps::n4::r3::s13,0.5963838166845685,0.5735371686499506,0.5769230769230769,0.0,0.44140625,0.3789354338226518,-0.11328125
emodb,egemaps,adapted,4,219,3,42,"[""emodb_03"", ""emodb_09"", ""emodb_15"", ""emodb_16""]",2.6628306091648257,adapt::emodb::egemaps::n4::r3::s42,0.5963838166845685,0.5735371686499506,0.5769230769230769,0.0,0.453125,0.3789354338226518,-0.1015625
emodb,egemaps,adapted,4,219,3,73,"[""emodb_03"", ""emodb_09"", ""emodb_15"", ""emodb_16""]",2.881544345045743,adapt::emodb::egemaps::n4::r3::s73,0.6014858575008951,0.58087781439105,0.5846153846153846,0.0,0.44921875,0.3840374746389784,-0.10546875
emodb,egemaps,adapted,4,240,4,13,"[""emodb_08"", ""emodb_11"", ""emodb_15"", ""emodb_16""]",2.8310771147410074,adapt::emodb::egemaps::n4::r4::s13,0.590219596610574,0.5960466494290023,0.6076923076923076,0.0,0.48046875,0.3727712137486573,-0.07421875
emodb,egemaps,adapted,4,240,4,42,"[""emodb_08"", ""emodb_11"", ""emodb_15"", ""emodb_16""]",2.7930577596028647,adapt::emodb::egemaps::n4::r4::s42,0.594641365318057,0.5982739444984342,0.6076923076923076,0.0,0.484375,0.3771929824561403,-0.0703125
emodb,egemaps,adapted,4,240,4,73,"[""emodb_08"", ""emodb_11"", ""emodb_15"", ""emodb_16""]",2.700249274571737,adapt::emodb::egemaps::n4::r4::s73,0.5716821816445876,0.5677095061627135,0.5846153846153846,0.0,0.4765625,0.3542337987826709,-0.078125
emodb,egemaps,adapted,8,405,0,13,"[""emodb_03"", ""emodb_08"", ""emodb_09"", ""emodb_10"", ""emodb_11"", ""emodb_12"", ""emodb_15"", ""emodb_16""]",1.2821218399353969,adapt::emodb::egemaps::n8::r0::s13,0.6004803675856307,0.5761970307684301,0.6,0.0,0.46484375,0.383031984723714,-0.08984375
emodb,egemaps,adapted,8,405,0,42,"[""emodb_03"", ""emodb_08"", ""emodb_09"", ""emodb_10"", ""emodb_11"", ""emodb_12"", ""emodb_15"", ""emodb_16""]",1.3021638109360212,adapt::emodb::egemaps::n8::r0::s42,0.6043068981978756,0.5828554517125654,0.6,0.0,0.453125,0.38685851533595894,-0.1015625
emodb,egemaps,adapted,8,405,0,73,"[""emodb_03"", ""emodb_08"", ""emodb_09"", ""emodb_10"", ""emodb_11"", ""emodb_12"", ""emodb_15"", ""emodb_16""]",1.3153116744241597,adapt::emodb::egemaps::n8::r0::s73,0.5874418188327962,0.5630360317072788,0.5846153846153846,0.0,0.45703125,0.3699934359708795,-0.09765625
emodb,wav2vec_temporal,zero_shot,0,0,-1,-1,[],,zero_shot::emodb::wav2vec_temporal,0.4831274615109202,0.415367464662928,0.46923076923076923,0.007692307692307693,0.828125,0.0,0.0
emodb,wav2vec_temporal,adapted,1,35,0,13,"[""emodb_12""]",0.000654040661174804,adapt::emodb::wav2vec_temporal::n1::r0::s13,0.7329648526077097,0.7050487691089193,0.7307692307692307,0.0,0.7890625,0.24983739109678954,-0.0390625
emodb,wav2vec_temporal,adapted,1,35,0,42,"[""emodb_12""]",0.0006540405447594821,adapt::emodb::wav2vec_temporal::n1::r0::s42,0.7329648526077097,0.7050487691089193,0.7307692307692307,0.0,0.7890625,0.24983739109678954,-0.0390625
emodb,wav2vec_temporal,adapted,1,35,0,73,"[""emodb_12""]",0.0006540406029671431,adapt::emodb::wav2vec_temporal::n1::r0::s73,0.7329648526077097,0.7050487691089193,0.7307692307692307,0.0,0.7890625,0.24983739109678954,-0.0390625
emodb,wav2vec_temporal,adapted,1,38,1,13,"[""emodb_10""]",0.0003306648868601769,adapt::emodb::wav2vec_temporal::n1::r1::s13,0.6587152404821578,0.6271908944612044,0.6307692307692307,0.0,0.8125,0.17558777897123762,-0.015625
emodb,wav2vec_temporal,adapted,1,38,1,42,"[""emodb_10""]",0.00033066485775634646,adapt::emodb::wav2vec_temporal::n1::r1::s42,0.6587152404821578,0.6271908944612044,0.6307692307692307,0.0,0.8125,0.17558777897123762,-0.015625
emodb,wav2vec_temporal,adapted,1,38,1,73,"[""emodb_10""]",0.0003306648868601769,adapt::emodb::wav2vec_temporal::n1::r1::s73,0.6587152404821578,0.6271908944612044,0.6307692307692307,0.0,0.8125,0.17558777897123762,-0.015625
emodb,wav2vec_temporal,adapted,1,58,2,13,"[""emodb_08""]",0.0010049159172922373,adapt::emodb::wav2vec_temporal::n1::r2::s13,0.674453992123165,0.6187843802380607,0.676923076923077,0.0,0.76953125,0.19132653061224486,-0.05859375
emodb,wav2vec_temporal,adapted,1,58,2,42,"[""emodb_08""]",0.0010049177799373865,adapt::emodb::wav2vec_temporal::n1::r2::s42,0.674453992123165,0.6187843802380607,0.676923076923077,0.0,0.76953125,0.19132653061224486,-0.05859375
emodb,wav2vec_temporal,adapted,1,58,2,73,"[""emodb_08""]",0.0010049158008769155,adapt::emodb::wav2vec_temporal::n1::r2::s73,0.674453992123165,0.6187843802380607,0.676923076923077,0.0,0.76953125,0.19132653061224486,-0.05859375
emodb,wav2vec_temporal,adapted,1,43,3,13,"[""emodb_09""]",0.0006385919987224042,adapt::emodb::wav2vec_temporal::n1::r3::s13,0.7001611170784103,0.6963591151475261,0.7153846153846154,0.0,0.796875,0.21703365556749016,-0.03125
emodb,wav2vec_temporal,adapted,1,43,3,42,"[""emodb_09""]",0.0006385920569300652,adapt::emodb::wav2vec_temporal::n1::r3::s42,0.7001611170784103,0.6963591151475261,0.7153846153846154,0.0,0.796875,0.21703365556749016,-0.03125
emodb,wav2vec_temporal,adapted,1,43,3,73,"[""emodb_09""]",0.0006385920569300652,adapt::emodb::wav2vec_temporal::n1::r3::s73,0.7001611170784103,0.6963591151475261,0.7153846153846154,0.0,0.796875,0.21703365556749016,-0.03125
emodb,wav2vec_temporal,adapted,1,55,4,13,"[""emodb_11""]",0.0009410647326149046,adapt::emodb::wav2vec_temporal::n1::r4::s13,0.7018200262561164,0.6932167267142636,0.676923076923077,0.0,0.76953125,0.21869256474519622,-0.05859375
emodb,wav2vec_temporal,adapted,1,55,4,42,"[""emodb_11""]",0.0009410647908225656,adapt::emodb::wav2vec_temporal::n1::r4::s42,0.7018200262561164,0.6932167267142636,0.676923076923077,0.0,0.76953125,0.21869256474519622,-0.05859375
emodb,wav2vec_temporal,adapted,1,55,4,73,"[""emodb_11""]",0.0009410646744072437,adapt::emodb::wav2vec_temporal::n1::r4::s73,0.7018200262561164,0.6932167267142636,0.676923076923077,0.0,0.76953125,0.21869256474519622,-0.05859375
emodb,wav2vec_temporal,adapted,2,105,0,13,"[""emodb_03"", ""emodb_15""]",0.0013080986682325602,adapt::emodb::wav2vec_temporal::n2::r0::s13,0.7402136293113737,0.7159144959291105,0.7153846153846154,0.0,0.796875,0.2570861678004535,-0.03125
emodb,wav2vec_temporal,adapted,2,105,0,42,"[""emodb_03"", ""emodb_15""]",0.0013659103873318859,adapt::emodb::wav2vec_temporal::n2::r0::s42,0.763172812984843,0.7392703231727623,0.7384615384615385,0.0,0.80078125,0.2800453514739228,-0.02734375
emodb,wav2vec_temporal,adapted,2,105,0,73,"[""emodb_03"", ""emodb_15""]",0.0012976152467585745,adapt::emodb::wav2vec_temporal::n2::r0::s73,0.7542442415562716,0.7311507116918062,0.7307692307692307,0.0,0.796875,0.2711167800453514,-0.03125
emodb,wav2vec_temporal,adapted,2,111,1,13,"[""emodb_11"", ""emodb_15""]",0.0016213815663479738,adapt::emodb::wav2vec_temporal::n2::r1::s13,0.7691043083900228,0.7487420970831721,0.7461538461538462,0.0,0.7890625,0.2859768468791026,-0.0390625
emodb,wav2vec_temporal,adapted,2,111,1,42,"[""emodb_11"", ""emodb_15""]",0.0017337658010456744,adapt::emodb::wav2vec_temporal::n2::r1::s42,0.7793083900226758,0.7619334687618978,0.7615384615384615,0.0,0.7890625,0.29618092851175565,-0.0390625
emodb,wav2vec_temporal,adapted,2,111,1,73,"[""emodb_11"", ""emodb_15""]",0.0015797295653773053,adapt::emodb::wav2vec_temporal::n2::r1::s73,0.7780328798185943,0.7569633700884982,0.7538461538461538,0.0,0.7890625,0.2949054183076741,-0.0390625
emodb,wav2vec_temporal,adapted,2,126,2,13,"[""emodb_11"", ""emodb_16""]",0.0019141779288590428,adapt::emodb::wav2vec_temporal::n2::r2::s13,0.8313492063492064,0.8090348865529906,0.8,0.0,0.78125,0.3482217448382862,-0.046875
emodb,wav2vec_temporal,adapted,2,126,2,42,"[""emodb_11"", ""emodb_16""]",0.0017562309771569239,adapt::emodb::wav2vec_temporal::n2::r2::s42,0.8313492063492064,0.8090348865529906,0.8,0.0,0.7890625,0.3482217448382862,-0.0390625
emodb,wav2vec_temporal,adapted,2,126,2,73,"[""emodb_11"", ""emodb_16""]",0.0019065305435409148,adapt::emodb::wav2vec_temporal::n2::r2::s73,0.8313492063492064,0.8089563936173547,0.8,0.0,0.77734375,0.3482217448382862,-0.05078125
emodb,wav2vec_temporal,adapted,2,105,3,13,"[""emodb_03"", ""emodb_15""]",0.0013080986682325602,adapt::emodb::wav2vec_temporal::n2::r3::s13,0.7402136293113737,0.7159144959291105,0.7153846153846154,0.0,0.796875,0.2570861678004535,-0.03125
emodb,wav2vec_temporal,adapted,2,105,3,42,"[""emodb_03"", ""emodb_15""]",0.0013659103873318859,adapt::emodb::wav2vec_temporal::n2::r3::s42,0.763172812984843,0.7392703231727623,0.7384615384615385,0.0,0.80078125,0.2800453514739228,-0.02734375
emodb,wav2vec_temporal,adapted,2,105,3,73,"[""emodb_03"", ""emodb_15""]",0.0012976152467585745,adapt::emodb::wav2vec_temporal::n2::r3::s73,0.7542442415562716,0.7311507116918062,0.7307692307692307,0.0,0.796875,0.2711167800453514,-0.03125
emodb,wav2vec_temporal,adapted,2,113,4,13,"[""emodb_08"", ""emodb_11""]",0.0018710722637865528,adapt::emodb::wav2vec_temporal::n2::r4::s13,0.7834109082229384,0.7711014095753138,0.7769230769230769,0.0,0.7890625,0.3002834467120182,-0.0390625
emodb,wav2vec_temporal,adapted,2,113,4,42,"[""emodb_08"", ""emodb_11""]",0.0019523783656974546,adapt::emodb::wav2vec_temporal::n2::r4::s42,0.7834109082229384,0.7711014095753138,0.7769230769230769,0.0,0.7890625,0.3002834467120182,-0.0390625
emodb,wav2vec_temporal,adapted,2,113,4,73,"[""emodb_08"", ""emodb_11""]",0.001895121306972166,adapt::emodb::wav2vec_temporal::n2::r4::s73,0.7834109082229384,0.7711014095753138,0.7769230769230769,0.0,0.78125,0.3002834467120182,-0.046875
emodb,wav2vec_temporal,adapted,4,177,0,13,"[""emodb_03"", ""emodb_10"", ""emodb_11"", ""emodb_12""]",0.0019552544730131404,adapt::emodb::wav2vec_temporal::n4::r0::s13,0.8052571905955366,0.7897582689548255,0.7769230769230769,0.0,0.796875,0.3221297290846164,-0.03125
emodb,wav2vec_temporal,adapted,4,177,0,42,"[""emodb_03"", ""emodb_10"", ""emodb_11"", ""emodb_12""]",0.0019187694139210349,adapt::emodb::wav2vec_temporal::n4::r0::s42,0.8052571905955366,0.7898687489414665,0.7769230769230769,0.0,0.80078125,0.3221297290846164,-0.02734375
emodb,wav2vec_temporal,adapted,4,177,0,73,"[""emodb_03"", ""emodb_10"", ""emodb_11"", ""emodb_12""]",0.0019329192437820852,adapt::emodb::wav2vec_temporal::n4::r0::s73,0.810359231411863,0.7963114548779598,0.7846153846153846,0.0,0.796875,0.32723176990094277,-0.03125
emodb,wav2vec_temporal,adapted,4,219,1,13,"[""emodb_08"", ""emodb_11"", ""emodb_12"", ""emodb_16""]",0.0015347189010550442,adapt::emodb::wav2vec_temporal::n4::r1::s13,0.8660430839002268,0.8536205340553167,0.8461538461538461,0.0,0.796875,0.3829156223893066,-0.03125
emodb,wav2vec_temporal,adapted,4,219,1,42,"[""emodb_08"", ""emodb_11"", ""emodb_12"", ""emodb_16""]",0.0015812973278153636,adapt::emodb::wav2vec_temporal::n4::r1::s42,0.8739795918367347,0.8622351226359495,0.8538461538461538,0.0,0.796875,0.3908521303258145,-0.03125
emodb,wav2vec_temporal,adapted,4,219,1,73,"[""emodb_08"", ""emodb_11"", ""emodb_12"", ""emodb_16""]",0.0016260611528071435,adapt::emodb::wav2vec_temporal::n4::r1::s73,0.8660430839002268,0.8536205340553167,0.8461538461538461,0.0,0.796875,0.3829156223893066,-0.03125
emodb,wav2vec_temporal,adapted,4,227,2,13,"[""emodb_08"", ""emodb_09"", ""emodb_11"", ""emodb_16""]",0.0014867890002575215,adapt::emodb::wav2vec_temporal::n4::r2::s13,0.8486111111111112,0.8378626935187651,0.8384615384615385,0.0,0.8046875,0.36548364960019103,-0.0234375
emodb,wav2vec_temporal,adapted,4,227,2,42,"[""emodb_08"", ""emodb_09"", ""emodb_11"", ""emodb_16""]",0.0014994837792943097,adapt::emodb::wav2vec_temporal::n4::r2::s42,0.8410923141186298,0.8313618192478559,0.8307692307692308,0.0,0.796875,0.35796485260770966,-0.03125
emodb,wav2vec_temporal,adapted,4,227,2,73,"[""emodb_08"", ""emodb_09"", ""emodb_11"", ""emodb_16""]",0.0015379621140609622,adapt::emodb::wav2vec_temporal::n4::r2::s73,0.8388247404224848,0.8270202418611657,0.823076923076923,0.0,0.80078125,0.3556972789115646,-0.02734375
emodb,wav2vec_temporal,adapted,4,219,3,13,"[""emodb_03"", ""emodb_09"", ""emodb_15"", ""emodb_16""]",0.0012921744911850656,adapt::emodb::wav2vec_temporal::n4::r3::s13,0.8160430839002267,0.7988953397790856,0.8,0.0,0.796875,0.33291562238930655,-0.03125
emodb,wav2vec_temporal,adapted,4,219,3,42,"[""emodb_03"", ""emodb_09"", ""emodb_15"", ""emodb_16""]",0.0012733875715373654,adapt::emodb::wav2vec_temporal::n4::r3::s42,0.8160430839002267,0.7988953397790856,0.8,0.0,0.79296875,0.33291562238930655,-0.03515625
emodb,wav2vec_temporal,adapted,4,219,3,73,"[""emodb_03"", ""emodb_09"", ""emodb_15"", ""emodb_16""]",0.0013166350678255842,adapt::emodb::wav2vec_temporal::n4::r3::s73,0.8239795918367347,0.8060144664995413,0.8076923076923077,0.0,0.79296875,0.3408521303258146,-0.03515625
emodb,wav2vec_temporal,adapted,4,240,4,13,"[""emodb_08"", ""emodb_11"", ""emodb_15"", ""emodb_16""]",0.001535066030919552,adapt::emodb::wav2vec_temporal::n4::r4::s13,0.8402494331065761,0.8245968603552878,0.823076923076923,0.0,0.80078125,0.3571219715956559,-0.02734375
emodb,wav2vec_temporal,adapted,4,240,4,42,"[""emodb_08"", ""emodb_11"", ""emodb_15"", ""emodb_16""]",0.0013838613405823708,adapt::emodb::wav2vec_temporal::n4::r4::s42,0.840844671201814,0.8226638840996514,0.823076923076923,0.0,0.80078125,0.3577172096908939,-0.02734375
emodb,wav2vec_temporal,adapted,4,240,4,73,"[""emodb_08"", ""emodb_11"", ""emodb_15"", ""emodb_16""]",0.001465083914808929,adapt::emodb::wav2vec_temporal::n4::r4::s73,0.8402494331065761,0.8245968603552878,0.823076923076923,0.0,0.80078125,0.3571219715956559,-0.02734375
emodb,wav2vec_temporal,adapted,8,405,0,13,"[""emodb_03"", ""emodb_08"", ""emodb_09"", ""emodb_10"", ""emodb_11"", ""emodb_12"", ""emodb_15"", ""emodb_16""]",0.0011870851133731597,adapt::emodb::wav2vec_temporal::n8::r0::s13,0.874858276643991,0.8603883373468627,0.8615384615384616,0.0,0.79296875,0.3917308151330708,-0.03515625
emodb,wav2vec_temporal,adapted,8,405,0,42,"[""emodb_03"", ""emodb_08"", ""emodb_09"", ""emodb_10"", ""emodb_11"", ""emodb_12"", ""emodb_15"", ""emodb_16""]",0.0011092801112681627,adapt::emodb::wav2vec_temporal::n8::r0::s42,0.874858276643991,0.8603883373468627,0.8615384615384616,0.0,0.78125,0.3917308151330708,-0.046875
emodb,wav2vec_temporal,adapted,8,405,0,73,"[""emodb_03"", ""emodb_08"", ""emodb_09"", ""emodb_10"", ""emodb_11"", ""emodb_12"", ""emodb_15"", ""emodb_16""]",0.0012332820330665988,adapt::emodb::wav2vec_temporal::n8::r0::s73,0.874858276643991,0.8603883373468627,0.8615384615384616,0.0,0.78515625,0.3917308151330708,-0.04296875
