representation,protocol,target,model,refinement,fold,n_input_features,n_features,n_train,n_validation,train_seconds,macro_f1,balanced_accuracy,uar,weighted_f1,accuracy,experiment,family,family_label,baseline_balanced_accuracy,delta_balanced_accuracy
egemaps,speaker_independent,emotion_original,logistic_regression,all_features,0,88,88,960,240,0.06942909999997937,0.5835246884081512,0.59375,0.59375,0.5942212060968999,0.5875,all_features,all,Todas las familias,0.59375,0.0
egemaps,speaker_independent,emotion_original,logistic_regression,all_features,1,88,88,960,240,0.10879939999904309,0.4542582182743593,0.4296875,0.4296875,0.45914527409582456,0.44166666666666665,all_features,all,Todas las familias,0.4296875,0.0
egemaps,speaker_independent,emotion_original,logistic_regression,all_features,2,88,88,960,240,0.06738469999982044,0.46454559796924033,0.48828125,0.48828125,0.4649597489449675,0.475,all_features,all,Todas las familias,0.48828125,0.0
egemaps,speaker_independent,emotion_original,logistic_regression,all_features,3,88,88,960,240,0.06347689999893191,0.5217442278837401,0.5234375,0.5234375,0.5354745448303754,0.5333333333333333,all_features,all,Todas las familias,0.5234375,0.0
egemaps,speaker_independent,emotion_original,logistic_regression,all_features,4,88,88,960,240,0.0674124999986816,0.4266125873930607,0.4296875,0.4296875,0.4402386117377832,0.45,all_features,all,Todas las familias,0.4296875,0.0
egemaps,speaker_independent,emotion_original,logistic_regression,family_only:prosody_f0,0,10,10,960,240,0.02557840000008582,0.32951855245522527,0.33984375,0.33984375,0.3320925165583009,0.32916666666666666,family_only,prosody_f0,F0 y prosodia,0.59375,-0.25390625
egemaps,speaker_independent,emotion_original,logistic_regression,family_only:prosody_f0,1,10,10,960,240,0.02674020000085875,0.23960587915098985,0.27734375,0.27734375,0.25207083249789797,0.2916666666666667,family_only,prosody_f0,F0 y prosodia,0.4296875,-0.15234375
egemaps,speaker_independent,emotion_original,logistic_regression,family_only:prosody_f0,2,10,10,960,240,0.027295699999740464,0.30357391258925787,0.33203125,0.33203125,0.3074019170182853,0.32083333333333336,family_only,prosody_f0,F0 y prosodia,0.48828125,-0.15625
egemaps,speaker_independent,emotion_original,logistic_regression,family_only:prosody_f0,3,10,10,960,240,0.029463299999406445,0.31613004168489106,0.3359375,0.3359375,0.321043761635601,0.325,family_only,prosody_f0,F0 y prosodia,0.5234375,-0.1875
egemaps,speaker_independent,emotion_original,logistic_regression,family_only:prosody_f0,4,10,10,960,240,0.026545400000031805,0.26209631030578084,0.2734375,0.2734375,0.26807514478593636,0.2708333333333333,family_only,prosody_f0,F0 y prosodia,0.4296875,-0.15625
egemaps,speaker_independent,emotion_original,logistic_regression,leave_one_family_out:prosody_f0,0,78,78,960,240,0.08215230000132578,0.5451685944630804,0.5625,0.5625,0.553840211452443,0.5541666666666667,leave_one_family_out,prosody_f0,F0 y prosodia,0.59375,-0.03125
egemaps,speaker_independent,emotion_original,logistic_regression,leave_one_family_out:prosody_f0,1,78,78,960,240,0.07253429999946093,0.40275205807069625,0.38671875,0.38671875,0.4105545762277903,0.4,leave_one_family_out,prosody_f0,F0 y prosodia,0.4296875,-0.04296875
egemaps,speaker_independent,emotion_original,logistic_regression,leave_one_family_out:prosody_f0,2,78,78,960,240,0.08844719999979134,0.45348110743482195,0.48828125,0.48828125,0.4496706280723207,0.4708333333333333,leave_one_family_out,prosody_f0,F0 y prosodia,0.48828125,0.0
egemaps,speaker_independent,emotion_original,logistic_regression,leave_one_family_out:prosody_f0,3,78,78,960,240,0.06590949999917939,0.43656375639869444,0.4375,0.4375,0.4461558117033229,0.44166666666666665,leave_one_family_out,prosody_f0,F0 y prosodia,0.5234375,-0.0859375
egemaps,speaker_independent,emotion_original,logistic_regression,leave_one_family_out:prosody_f0,4,78,78,960,240,0.06307299999934912,0.4084650707490919,0.41796875,0.41796875,0.42828866805829063,0.44166666666666665,leave_one_family_out,prosody_f0,F0 y prosodia,0.4296875,-0.01171875
egemaps,speaker_independent,emotion_original,logistic_regression,family_only:energy_loudness,0,12,12,960,240,0.03247939999891969,0.3451815824269654,0.359375,0.359375,0.34480187505659926,0.3416666666666667,family_only,energy_loudness,Loudness y energía,0.59375,-0.234375
egemaps,speaker_independent,emotion_original,logistic_regression,family_only:energy_loudness,1,12,12,960,240,0.031164300000455114,0.3059603696539456,0.3046875,0.3046875,0.31048471175785936,0.30416666666666664,family_only,energy_loudness,Loudness y energía,0.4296875,-0.125
egemaps,speaker_independent,emotion_original,logistic_regression,family_only:energy_loudness,2,12,12,960,240,0.03673720000006142,0.36413429235517014,0.40234375,0.40234375,0.36328913889865494,0.375,family_only,energy_loudness,Loudness y energía,0.48828125,-0.0859375
egemaps,speaker_independent,emotion_original,logistic_regression,family_only:energy_loudness,3,12,12,960,240,0.03287369999998191,0.3492125164165949,0.37890625,0.37890625,0.3552094002270839,0.375,family_only,energy_loudness,Loudness y energía,0.5234375,-0.14453125
egemaps,speaker_independent,emotion_original,logistic_regression,family_only:energy_loudness,4,12,12,960,240,0.03156709999893792,0.3046874760129389,0.33984375,0.33984375,0.30323126693080826,0.32916666666666666,family_only,energy_loudness,Loudness y energía,0.4296875,-0.08984375
egemaps,speaker_independent,emotion_original,logistic_regression,leave_one_family_out:energy_loudness,0,76,76,960,240,0.0572838000007323,0.5486681297243775,0.55859375,0.55859375,0.560246005039336,0.5583333333333333,leave_one_family_out,energy_loudness,Loudness y energía,0.59375,-0.03515625
egemaps,speaker_independent,emotion_original,logistic_regression,leave_one_family_out:energy_loudness,1,76,76,960,240,0.050761699998474796,0.43653184116846266,0.421875,0.421875,0.45403976101447613,0.44166666666666665,leave_one_family_out,energy_loudness,Loudness y energía,0.4296875,-0.0078125
egemaps,speaker_independent,emotion_original,logistic_regression,leave_one_family_out:energy_loudness,2,76,76,960,240,0.055777899999156944,0.4442708055531255,0.47265625,0.47265625,0.44200480128565267,0.4583333333333333,leave_one_family_out,energy_loudness,Loudness y energía,0.48828125,-0.015625
egemaps,speaker_independent,emotion_original,logistic_regression,leave_one_family_out:energy_loudness,3,76,76,960,240,0.058370400000058,0.5184034187788771,0.5234375,0.5234375,0.5275668213006436,0.525,leave_one_family_out,energy_loudness,Loudness y energía,0.5234375,0.0
egemaps,speaker_independent,emotion_original,logistic_regression,leave_one_family_out:energy_loudness,4,76,76,960,240,0.05301990000043588,0.4159850204600549,0.41796875,0.41796875,0.4296822674380937,0.4375,leave_one_family_out,energy_loudness,Loudness y energía,0.4296875,-0.01171875
egemaps,speaker_independent,emotion_original,logistic_regression,family_only:cepstral_mfcc,0,16,16,960,240,0.027205700000195066,0.31431692200288597,0.34375,0.34375,0.3170065432870966,0.325,family_only,cepstral_mfcc,MFCC,0.59375,-0.25
egemaps,speaker_independent,emotion_original,logistic_regression,family_only:cepstral_mfcc,1,16,16,960,240,0.030157099999996717,0.28162284242026325,0.30078125,0.30078125,0.28558288376679936,0.2875,family_only,cepstral_mfcc,MFCC,0.4296875,-0.12890625
egemaps,speaker_independent,emotion_original,logistic_regression,family_only:cepstral_mfcc,2,16,16,960,240,0.03384180000102788,0.285554175389089,0.29296875,0.29296875,0.2912577870816949,0.2916666666666667,family_only,cepstral_mfcc,MFCC,0.48828125,-0.1953125
egemaps,speaker_independent,emotion_original,logistic_regression,family_only:cepstral_mfcc,3,16,16,960,240,0.026819300001079682,0.26783124729001573,0.2890625,0.2890625,0.2655608776124948,0.275,family_only,cepstral_mfcc,MFCC,0.5234375,-0.234375
egemaps,speaker_independent,emotion_original,logistic_regression,family_only:cepstral_mfcc,4,16,16,960,240,0.03299700000025041,0.3006065473880491,0.30859375,0.30859375,0.30731365054725235,0.32083333333333336,family_only,cepstral_mfcc,MFCC,0.4296875,-0.12109375
egemaps,speaker_independent,emotion_original,logistic_regression,leave_one_family_out:cepstral_mfcc,0,72,72,960,240,0.06034829999953217,0.5482420289147092,0.5625,0.5625,0.5542359419534676,0.5541666666666667,leave_one_family_out,cepstral_mfcc,MFCC,0.59375,-0.03125
egemaps,speaker_independent,emotion_original,logistic_regression,leave_one_family_out:cepstral_mfcc,1,72,72,960,240,0.12155449999954726,0.45390255431559623,0.44140625,0.44140625,0.4631100930243553,0.4583333333333333,leave_one_family_out,cepstral_mfcc,MFCC,0.4296875,0.01171875
egemaps,speaker_independent,emotion_original,logistic_regression,leave_one_family_out:cepstral_mfcc,2,72,72,960,240,0.08974059999854944,0.5320230104623664,0.5390625,0.5390625,0.540824544493191,0.5375,leave_one_family_out,cepstral_mfcc,MFCC,0.48828125,0.05078125
egemaps,speaker_independent,emotion_original,logistic_regression,leave_one_family_out:cepstral_mfcc,3,72,72,960,240,0.07477290000133507,0.4999774594269686,0.5078125,0.5078125,0.5130194349829693,0.5125,leave_one_family_out,cepstral_mfcc,MFCC,0.5234375,-0.015625
egemaps,speaker_independent,emotion_original,logistic_regression,leave_one_family_out:cepstral_mfcc,4,72,72,960,240,0.07599800000025425,0.4390621081719712,0.44140625,0.44140625,0.45722180427232484,0.4625,leave_one_family_out,cepstral_mfcc,MFCC,0.4296875,0.01171875
egemaps,speaker_independent,emotion_original,logistic_regression,family_only:formants,0,18,18,960,240,0.043132999999215826,0.3759293417394969,0.38671875,0.38671875,0.38338123496238163,0.38333333333333336,family_only,formants,Formantes,0.59375,-0.20703125
egemaps,speaker_independent,emotion_original,logistic_regression,family_only:formants,1,18,18,960,240,0.03294169999935548,0.24926782048294413,0.24609375,0.24609375,0.2518505874625088,0.24583333333333332,family_only,formants,Formantes,0.4296875,-0.18359375
egemaps,speaker_independent,emotion_original,logistic_regression,family_only:formants,2,18,18,960,240,0.03367450000041572,0.38229984726582994,0.3828125,0.3828125,0.39477837366891777,0.39166666666666666,family_only,formants,Formantes,0.48828125,-0.10546875
egemaps,speaker_independent,emotion_original,logistic_regression,family_only:formants,3,18,18,960,240,0.02959010000085982,0.3424665654055432,0.3515625,0.3515625,0.344556929025172,0.3458333333333333,family_only,formants,Formantes,0.5234375,-0.171875
egemaps,speaker_independent,emotion_original,logistic_regression,family_only:formants,4,18,18,960,240,0.03376469999966503,0.28496305905814634,0.296875,0.296875,0.29587978824788136,0.30833333333333335,family_only,formants,Formantes,0.4296875,-0.1328125
egemaps,speaker_independent,emotion_original,logistic_regression,leave_one_family_out:formants,0,70,70,960,240,0.06756630000018049,0.5316147705916157,0.55078125,0.55078125,0.5374261256680938,0.5375,leave_one_family_out,formants,Formantes,0.59375,-0.04296875
egemaps,speaker_independent,emotion_original,logistic_regression,leave_one_family_out:formants,1,70,70,960,240,0.05857069999910891,0.49385898661465555,0.48046875,0.48046875,0.4990051412778548,0.49166666666666664,leave_one_family_out,formants,Formantes,0.4296875,0.05078125
egemaps,speaker_independent,emotion_original,logistic_regression,leave_one_family_out:formants,2,70,70,960,240,0.07287019999967015,0.4880810716602111,0.51171875,0.51171875,0.4858372010752397,0.49583333333333335,leave_one_family_out,formants,Formantes,0.48828125,0.0234375
egemaps,speaker_independent,emotion_original,logistic_regression,leave_one_family_out:formants,3,70,70,960,240,0.05620280000039202,0.5342099202500508,0.5390625,0.5390625,0.5464905816000541,0.5458333333333333,leave_one_family_out,formants,Formantes,0.5234375,0.015625
egemaps,speaker_independent,emotion_original,logistic_regression,leave_one_family_out:formants,4,70,70,960,240,0.07700830000067072,0.4534102140723513,0.4609375,0.4609375,0.47093914897876205,0.48333333333333334,leave_one_family_out,formants,Formantes,0.4296875,0.03125
egemaps,speaker_independent,emotion_original,logistic_regression,family_only:spectral,0,17,17,960,240,0.02705430000060005,0.4349564207118646,0.4453125,0.4453125,0.44125847996499595,0.44166666666666665,family_only,spectral,Espectro,0.59375,-0.1484375
egemaps,speaker_independent,emotion_original,logistic_regression,family_only:spectral,1,17,17,960,240,0.030012000001079286,0.35115736396799113,0.3515625,0.3515625,0.36280314901683763,0.3625,family_only,spectral,Espectro,0.4296875,-0.078125
egemaps,speaker_independent,emotion_original,logistic_regression,family_only:spectral,2,17,17,960,240,0.02827439999964554,0.3712742335945858,0.40625,0.40625,0.37440422754593655,0.38333333333333336,family_only,spectral,Espectro,0.48828125,-0.08203125
egemaps,speaker_independent,emotion_original,logistic_regression,family_only:spectral,3,17,17,960,240,0.02774700000009034,0.39682722574576,0.41796875,0.41796875,0.4014244506315429,0.4041666666666667,family_only,spectral,Espectro,0.5234375,-0.10546875
egemaps,speaker_independent,emotion_original,logistic_regression,family_only:spectral,4,17,17,960,240,0.025918700001057005,0.31511947161543097,0.33203125,0.33203125,0.3261274363897931,0.3416666666666667,family_only,spectral,Espectro,0.4296875,-0.09765625
egemaps,speaker_independent,emotion_original,logistic_regression,leave_one_family_out:spectral,0,71,71,960,240,0.059065400000690715,0.5432190812398697,0.55078125,0.55078125,0.5532432104653849,0.5416666666666666,leave_one_family_out,spectral,Espectro,0.59375,-0.04296875
egemaps,speaker_independent,emotion_original,logistic_regression,leave_one_family_out:spectral,1,71,71,960,240,0.0593129000008048,0.45897593638169437,0.44921875,0.44921875,0.4747595173256592,0.4708333333333333,leave_one_family_out,spectral,Espectro,0.4296875,0.01953125
egemaps,speaker_independent,emotion_original,logistic_regression,leave_one_family_out:spectral,2,71,71,960,240,0.06047319999925094,0.457301982684892,0.4921875,0.4921875,0.4537462283390621,0.475,leave_one_family_out,spectral,Espectro,0.48828125,0.00390625
egemaps,speaker_independent,emotion_original,logistic_regression,leave_one_family_out:spectral,3,71,71,960,240,0.05503090000092925,0.5056639927356158,0.51171875,0.51171875,0.5183222940057095,0.5208333333333334,leave_one_family_out,spectral,Espectro,0.5234375,-0.01171875
egemaps,speaker_independent,emotion_original,logistic_regression,leave_one_family_out:spectral,4,71,71,960,240,0.056201100000180304,0.4332937188179615,0.4375,0.4375,0.44736515192434406,0.4583333333333333,leave_one_family_out,spectral,Espectro,0.4296875,0.0078125
egemaps,speaker_independent,emotion_original,logistic_regression,family_only:voice_quality,0,10,10,960,240,0.01501769999958924,0.33785247995403106,0.3515625,0.3515625,0.33768094315664027,0.3416666666666667,family_only,voice_quality,Calidad vocal,0.59375,-0.2421875
egemaps,speaker_independent,emotion_original,logistic_regression,family_only:voice_quality,1,10,10,960,240,0.017595899998923414,0.33630756047803834,0.33984375,0.33984375,0.3523788581607012,0.35833333333333334,family_only,voice_quality,Calidad vocal,0.4296875,-0.08984375
egemaps,speaker_independent,emotion_original,logistic_regression,family_only:voice_quality,2,10,10,960,240,0.01887689999966824,0.3340905162651738,0.34765625,0.34765625,0.3392692002555016,0.35,family_only,voice_quality,Calidad vocal,0.48828125,-0.140625
egemaps,speaker_independent,emotion_original,logistic_regression,family_only:voice_quality,3,10,10,960,240,0.01538049999908253,0.3366268268771525,0.36328125,0.36328125,0.33894282917210733,0.3541666666666667,family_only,voice_quality,Calidad vocal,0.5234375,-0.16015625
egemaps,speaker_independent,emotion_original,logistic_regression,family_only:voice_quality,4,10,10,960,240,0.017594900000403868,0.37572155739869806,0.3828125,0.3828125,0.3817220421776588,0.38333333333333336,family_only,voice_quality,Calidad vocal,0.4296875,-0.046875
egemaps,speaker_independent,emotion_original,logistic_regression,leave_one_family_out:voice_quality,0,78,78,960,240,0.06592469999850437,0.5452244823078156,0.55859375,0.55859375,0.555931755487311,0.5541666666666667,leave_one_family_out,voice_quality,Calidad vocal,0.59375,-0.03515625
egemaps,speaker_independent,emotion_original,logistic_regression,leave_one_family_out:voice_quality,1,78,78,960,240,0.06123269999989134,0.44081042050005037,0.42578125,0.42578125,0.4501977818667204,0.44166666666666665,leave_one_family_out,voice_quality,Calidad vocal,0.4296875,-0.00390625
egemaps,speaker_independent,emotion_original,logistic_regression,leave_one_family_out:voice_quality,2,78,78,960,240,0.0709779000007984,0.4995991381471606,0.53125,0.53125,0.5010216893859568,0.5208333333333334,leave_one_family_out,voice_quality,Calidad vocal,0.48828125,0.04296875
egemaps,speaker_independent,emotion_original,logistic_regression,leave_one_family_out:voice_quality,3,78,78,960,240,0.060473900000943104,0.5136945293534967,0.51953125,0.51953125,0.5218538747886574,0.5166666666666667,leave_one_family_out,voice_quality,Calidad vocal,0.5234375,-0.00390625
egemaps,speaker_independent,emotion_original,logistic_regression,leave_one_family_out:voice_quality,4,78,78,960,240,0.06012399999963236,0.42542917839925726,0.42578125,0.42578125,0.4347435045782554,0.44166666666666665,leave_one_family_out,voice_quality,Calidad vocal,0.4296875,-0.00390625
egemaps,speaker_independent,emotion_original,logistic_regression,family_only:temporal_voicing,0,5,5,960,240,0.015201399999568821,0.23971611542545143,0.2578125,0.2578125,0.24180830089825933,0.25416666666666665,family_only,temporal_voicing,Voicing y temporalidad,0.59375,-0.3359375
egemaps,speaker_independent,emotion_original,logistic_regression,family_only:temporal_voicing,1,5,5,960,240,0.01344980000067153,0.18227684230973706,0.22265625,0.22265625,0.17961381698223805,0.2125,family_only,temporal_voicing,Voicing y temporalidad,0.4296875,-0.20703125
egemaps,speaker_independent,emotion_original,logistic_regression,family_only:temporal_voicing,2,5,5,960,240,0.014571200001228135,0.2280850360956781,0.2578125,0.2578125,0.22747149612917525,0.24583333333333332,family_only,temporal_voicing,Voicing y temporalidad,0.48828125,-0.23046875
egemaps,speaker_independent,emotion_original,logistic_regression,family_only:temporal_voicing,3,5,5,960,240,0.013707100000829087,0.2584283142684227,0.28515625,0.28515625,0.25983765951343624,0.275,family_only,temporal_voicing,Voicing y temporalidad,0.5234375,-0.23828125
egemaps,speaker_independent,emotion_original,logistic_regression,family_only:temporal_voicing,4,5,5,960,240,0.01315489999979036,0.24649376891224717,0.26171875,0.26171875,0.24263683176726655,0.25,family_only,temporal_voicing,Voicing y temporalidad,0.4296875,-0.16796875
egemaps,speaker_independent,emotion_original,logistic_regression,leave_one_family_out:temporal_voicing,0,83,83,960,240,0.06580780000149389,0.5664791448077324,0.578125,0.578125,0.5754862511936073,0.5708333333333333,leave_one_family_out,temporal_voicing,Voicing y temporalidad,0.59375,-0.015625
egemaps,speaker_independent,emotion_original,logistic_regression,leave_one_family_out:temporal_voicing,1,83,83,960,240,0.06516729999930249,0.4712193386561627,0.453125,0.453125,0.47233093093020995,0.4625,leave_one_family_out,temporal_voicing,Voicing y temporalidad,0.4296875,0.0234375
egemaps,speaker_independent,emotion_original,logistic_regression,leave_one_family_out:temporal_voicing,2,83,83,960,240,0.07001130000026023,0.4456796043180101,0.47265625,0.47265625,0.44483602238365527,0.4583333333333333,leave_one_family_out,temporal_voicing,Voicing y temporalidad,0.48828125,-0.015625
egemaps,speaker_independent,emotion_original,logistic_regression,leave_one_family_out:temporal_voicing,3,83,83,960,240,0.061683199999606586,0.5052355898438958,0.5078125,0.5078125,0.518405141987335,0.5166666666666667,leave_one_family_out,temporal_voicing,Voicing y temporalidad,0.5234375,-0.015625
egemaps,speaker_independent,emotion_original,logistic_regression,leave_one_family_out:temporal_voicing,4,83,83,960,240,0.06474949999937962,0.4380420480759863,0.44140625,0.44140625,0.4490630330992339,0.4583333333333333,leave_one_family_out,temporal_voicing,Voicing y temporalidad,0.4296875,0.01171875
egemaps,speaker_independent,emotion_quadrant,logistic_regression,all_features,0,88,88,960,240,0.05325470000025234,0.635928599862171,0.65234375,0.65234375,0.6556543828585826,0.6541666666666667,all_features,all,Todas las familias,0.65234375,0.0
egemaps,speaker_independent,emotion_quadrant,logistic_regression,all_features,1,88,88,960,240,0.05047089999970922,0.5322190172155783,0.5364583333333333,0.5364583333333333,0.5611658751552745,0.5458333333333333,all_features,all,Todas las familias,0.5364583333333333,0.0
egemaps,speaker_independent,emotion_quadrant,logistic_regression,all_features,2,88,88,960,240,0.0556551000008767,0.5361460460733626,0.5546875,0.5546875,0.5807668160724068,0.5833333333333334,all_features,all,Todas las familias,0.5546875,0.0
egemaps,speaker_independent,emotion_quadrant,logistic_regression,all_features,3,88,88,960,240,0.05290670000067621,0.6590372046254399,0.68359375,0.68359375,0.6691603821015586,0.6708333333333333,all_features,all,Todas las familias,0.68359375,0.0
egemaps,speaker_independent,emotion_quadrant,logistic_regression,all_features,4,88,88,960,240,0.04884400000082678,0.5260978718140545,0.5260416666666666,0.5260416666666666,0.5730673606394826,0.5541666666666667,all_features,all,Todas las familias,0.5260416666666666,0.0
egemaps,speaker_independent,emotion_quadrant,logistic_regression,family_only:prosody_f0,0,10,10,960,240,0.02431099999921571,0.4852080778584059,0.5234375,0.5234375,0.5037008130107609,0.49583333333333335,family_only,prosody_f0,F0 y prosodia,0.65234375,-0.12890625
egemaps,speaker_independent,emotion_quadrant,logistic_regression,family_only:prosody_f0,1,10,10,960,240,0.019148400000631227,0.48304960571184996,0.4817708333333333,0.4817708333333333,0.48999360613810744,0.4875,family_only,prosody_f0,F0 y prosodia,0.5364583333333333,-0.054687499999999944
egemaps,speaker_independent,emotion_quadrant,logistic_regression,family_only:prosody_f0,2,10,10,960,240,0.022079500000472763,0.3970351300694091,0.43489583333333337,0.43489583333333337,0.41389103910645014,0.42083333333333334,family_only,prosody_f0,F0 y prosodia,0.5546875,-0.11979166666666663
egemaps,speaker_independent,emotion_quadrant,logistic_regression,family_only:prosody_f0,3,10,10,960,240,0.02383419999932812,0.44786285216211774,0.51171875,0.51171875,0.44159765163437126,0.4791666666666667,family_only,prosody_f0,F0 y prosodia,0.68359375,-0.171875
egemaps,speaker_independent,emotion_quadrant,logistic_regression,family_only:prosody_f0,4,10,10,960,240,0.023024600001008366,0.3866334319363499,0.4296875,0.4296875,0.41502441669568835,0.425,family_only,prosody_f0,F0 y prosodia,0.5260416666666666,-0.09635416666666663
egemaps,speaker_independent,emotion_quadrant,logistic_regression,leave_one_family_out:prosody_f0,0,78,78,960,240,0.054722100001526996,0.6062022989518621,0.6236979166666666,0.6236979166666666,0.623823476136625,0.6208333333333333,leave_one_family_out,prosody_f0,F0 y prosodia,0.65234375,-0.02864583333333337
egemaps,speaker_independent,emotion_quadrant,logistic_regression,leave_one_family_out:prosody_f0,1,78,78,960,240,0.0680635999997321,0.5262421699203308,0.53125,0.53125,0.5578256566762313,0.5416666666666666,leave_one_family_out,prosody_f0,F0 y prosodia,0.5364583333333333,-0.005208333333333259
egemaps,speaker_independent,emotion_quadrant,logistic_regression,leave_one_family_out:prosody_f0,2,78,78,960,240,0.05120139999962703,0.5047759330569759,0.51953125,0.51953125,0.5519279319721211,0.5458333333333333,leave_one_family_out,prosody_f0,F0 y prosodia,0.5546875,-0.03515625
egemaps,speaker_independent,emotion_quadrant,logistic_regression,leave_one_family_out:prosody_f0,3,78,78,960,240,0.05550049999874318,0.5994885806738273,0.6223958333333333,0.6223958333333333,0.6099544733941751,0.6083333333333333,leave_one_family_out,prosody_f0,F0 y prosodia,0.68359375,-0.06119791666666674
egemaps,speaker_independent,emotion_quadrant,logistic_regression,leave_one_family_out:prosody_f0,4,78,78,960,240,0.04748410000138392,0.47102985260921215,0.47656250000000006,0.47656250000000006,0.5180121360067528,0.5,leave_one_family_out,prosody_f0,F0 y prosodia,0.5260416666666666,-0.049479166666666574
egemaps,speaker_independent,emotion_quadrant,logistic_regression,family_only:energy_loudness,0,12,12,960,240,0.024468999999953667,0.4937579258043342,0.53125,0.53125,0.5109926140996168,0.49166666666666664,family_only,energy_loudness,Loudness y energía,0.65234375,-0.12109375
egemaps,speaker_independent,emotion_quadrant,logistic_regression,family_only:energy_loudness,1,12,12,960,240,0.025617999999667518,0.4937267271484778,0.5026041666666666,0.5026041666666666,0.5006744508070768,0.5,family_only,energy_loudness,Loudness y energía,0.5364583333333333,-0.03385416666666663
egemaps,speaker_independent,emotion_quadrant,logistic_regression,family_only:energy_loudness,2,12,12,960,240,0.024024799999097013,0.4569372294372294,0.48828125,0.48828125,0.49233092833092834,0.49583333333333335,family_only,energy_loudness,Loudness y energía,0.5546875,-0.06640625
egemaps,speaker_independent,emotion_quadrant,logistic_regression,family_only:energy_loudness,3,12,12,960,240,0.02481679999982589,0.4762646967685077,0.50390625,0.50390625,0.5076864045293755,0.5041666666666667,family_only,energy_loudness,Loudness y energía,0.68359375,-0.1796875
egemaps,speaker_independent,emotion_quadrant,logistic_regression,family_only:energy_loudness,4,12,12,960,240,0.02511869999943883,0.3754381677877412,0.4075520833333333,0.4075520833333333,0.40121340128824035,0.4,family_only,energy_loudness,Loudness y energía,0.5260416666666666,-0.11848958333333331
egemaps,speaker_independent,emotion_quadrant,logistic_regression,leave_one_family_out:energy_loudness,0,76,76,960,240,0.046017200000278535,0.5949931879037307,0.6197916666666666,0.6197916666666666,0.611268245562698,0.6166666666666667,leave_one_family_out,energy_loudness,Loudness y energía,0.65234375,-0.03255208333333337
egemaps,speaker_independent,emotion_quadrant,logistic_regression,leave_one_family_out:energy_loudness,1,76,76,960,240,0.04774129999896104,0.5184065934065935,0.5286458333333333,0.5286458333333333,0.5408791208791209,0.525,leave_one_family_out,energy_loudness,Loudness y energía,0.5364583333333333,-0.0078125
egemaps,speaker_independent,emotion_quadrant,logistic_regression,leave_one_family_out:energy_loudness,2,76,76,960,240,0.04665949999980512,0.5270220808693558,0.54296875,0.54296875,0.5714336485540217,0.5708333333333333,leave_one_family_out,energy_loudness,Loudness y energía,0.5546875,-0.01171875
egemaps,speaker_independent,emotion_quadrant,logistic_regression,leave_one_family_out:energy_loudness,3,76,76,960,240,0.046068200001172954,0.6656133772330955,0.6953125,0.6953125,0.675657581854765,0.6791666666666667,leave_one_family_out,energy_loudness,Loudness y energía,0.68359375,0.01171875
egemaps,speaker_independent,emotion_quadrant,logistic_regression,leave_one_family_out:energy_loudness,4,76,76,960,240,0.04369630000110192,0.5093525402379212,0.5130208333333334,0.5130208333333334,0.5525840030987595,0.5333333333333333,leave_one_family_out,energy_loudness,Loudness y energía,0.5260416666666666,-0.01302083333333326
egemaps,speaker_independent,emotion_quadrant,logistic_regression,family_only:cepstral_mfcc,0,16,16,960,240,0.020189999999274733,0.49240228817905113,0.5325520833333334,0.5325520833333334,0.5087602698559739,0.5083333333333333,family_only,cepstral_mfcc,MFCC,0.65234375,-0.11979166666666663
egemaps,speaker_independent,emotion_quadrant,logistic_regression,family_only:cepstral_mfcc,1,16,16,960,240,0.022101099999417784,0.4261902530019226,0.44921875,0.44921875,0.44464086755427723,0.45416666666666666,family_only,cepstral_mfcc,MFCC,0.5364583333333333,-0.08723958333333326
egemaps,speaker_independent,emotion_quadrant,logistic_regression,family_only:cepstral_mfcc,2,16,16,960,240,0.022309199999654084,0.35355609911530966,0.359375,0.359375,0.38634265507072524,0.37916666666666665,family_only,cepstral_mfcc,MFCC,0.5546875,-0.1953125
egemaps,speaker_independent,emotion_quadrant,logistic_regression,family_only:cepstral_mfcc,3,16,16,960,240,0.020653599998695427,0.4522065420502921,0.45963541666666663,0.45963541666666663,0.4652534402534403,0.4625,family_only,cepstral_mfcc,MFCC,0.68359375,-0.22395833333333337
egemaps,speaker_independent,emotion_quadrant,logistic_regression,family_only:cepstral_mfcc,4,16,16,960,240,0.024979100000564358,0.38677684593914674,0.41276041666666663,0.41276041666666663,0.41324560325742976,0.4083333333333333,family_only,cepstral_mfcc,MFCC,0.5260416666666666,-0.11328125
egemaps,speaker_independent,emotion_quadrant,logistic_regression,leave_one_family_out:cepstral_mfcc,0,72,72,960,240,0.045165300000007846,0.6675324255114587,0.6744791666666666,0.6744791666666666,0.6834065815545141,0.6833333333333333,leave_one_family_out,cepstral_mfcc,MFCC,0.65234375,0.02213541666666663
egemaps,speaker_independent,emotion_quadrant,logistic_regression,leave_one_family_out:cepstral_mfcc,1,72,72,960,240,0.048693499998989864,0.5796513577589568,0.5846354166666666,0.5846354166666666,0.6083649181913184,0.5916666666666667,leave_one_family_out,cepstral_mfcc,MFCC,0.5364583333333333,0.04817708333333337
egemaps,speaker_independent,emotion_quadrant,logistic_regression,leave_one_family_out:cepstral_mfcc,2,72,72,960,240,0.04601109999930486,0.5256780010027217,0.5403645833333333,0.5403645833333333,0.5730677075872607,0.5625,leave_one_family_out,cepstral_mfcc,MFCC,0.5546875,-0.01432291666666674
egemaps,speaker_independent,emotion_quadrant,logistic_regression,leave_one_family_out:cepstral_mfcc,3,72,72,960,240,0.04974989999936952,0.6370793805890954,0.6575520833333334,0.6575520833333334,0.6478336784248317,0.65,leave_one_family_out,cepstral_mfcc,MFCC,0.68359375,-0.02604166666666663
egemaps,speaker_independent,emotion_quadrant,logistic_regression,leave_one_family_out:cepstral_mfcc,4,72,72,960,240,0.04301630000009027,0.5166715941630683,0.5221354166666666,0.5221354166666666,0.5556603978733573,0.5333333333333333,leave_one_family_out,cepstral_mfcc,MFCC,0.5260416666666666,-0.00390625
egemaps,speaker_independent,emotion_quadrant,logistic_regression,family_only:formants,0,18,18,960,240,0.028343499998300103,0.48238822713433305,0.5364583333333334,0.5364583333333334,0.4704694272404727,0.4875,family_only,formants,Formantes,0.65234375,-0.11588541666666663
egemaps,speaker_independent,emotion_quadrant,logistic_regression,family_only:formants,1,18,18,960,240,0.029848199999833014,0.3920461523687611,0.40234375,0.40234375,0.4046062666628098,0.4,family_only,formants,Formantes,0.5364583333333333,-0.13411458333333326
egemaps,speaker_independent,emotion_quadrant,logistic_regression,family_only:formants,2,18,18,960,240,0.027051500001107343,0.44669711986346944,0.4661458333333333,0.4661458333333333,0.46091996315345857,0.4583333333333333,family_only,formants,Formantes,0.5546875,-0.08854166666666669
egemaps,speaker_independent,emotion_quadrant,logistic_regression,family_only:formants,3,18,18,960,240,0.028773500000170316,0.5248727585936889,0.5494791666666666,0.5494791666666666,0.5314916607939864,0.525,family_only,formants,Formantes,0.68359375,-0.13411458333333337
egemaps,speaker_independent,emotion_quadrant,logistic_regression,family_only:formants,4,18,18,960,240,0.03086509999957343,0.4182930181418362,0.43880208333333337,0.43880208333333337,0.4435979999476426,0.42916666666666664,family_only,formants,Formantes,0.5260416666666666,-0.08723958333333326
egemaps,speaker_independent,emotion_quadrant,logistic_regression,leave_one_family_out:formants,0,70,70,960,240,0.048143800000616466,0.5791435543515652,0.5911458333333334,0.5911458333333334,0.6075120399036807,0.5958333333333333,leave_one_family_out,formants,Formantes,0.65234375,-0.06119791666666663
egemaps,speaker_independent,emotion_quadrant,logistic_regression,leave_one_family_out:formants,1,70,70,960,240,0.052571399999578716,0.5621972700023494,0.5690104166666666,0.5690104166666666,0.5985237503222223,0.5875,leave_one_family_out,formants,Formantes,0.5364583333333333,0.03255208333333337
egemaps,speaker_independent,emotion_quadrant,logistic_regression,leave_one_family_out:formants,2,70,70,960,240,0.04973409999911382,0.5587792400842224,0.5546875,0.5546875,0.6026881045979198,0.6041666666666666,leave_one_family_out,formants,Formantes,0.5546875,0.0
egemaps,speaker_independent,emotion_quadrant,logistic_regression,leave_one_family_out:formants,3,70,70,960,240,0.05207449999943492,0.6367232932996207,0.6536458333333334,0.6536458333333334,0.6563310155920775,0.6583333333333333,leave_one_family_out,formants,Formantes,0.68359375,-0.02994791666666663
egemaps,speaker_independent,emotion_quadrant,logistic_regression,leave_one_family_out:formants,4,70,70,960,240,0.049394900001061615,0.5482499076944656,0.5546875,0.5546875,0.5960968063316441,0.5833333333333334,leave_one_family_out,formants,Formantes,0.5260416666666666,0.02864583333333337
egemaps,speaker_independent,emotion_quadrant,logistic_regression,family_only:spectral,0,17,17,960,240,0.026627100000041537,0.5238935251074597,0.53125,0.53125,0.5556082095810392,0.55,family_only,spectral,Espectro,0.65234375,-0.12109375
egemaps,speaker_independent,emotion_quadrant,logistic_regression,family_only:spectral,1,17,17,960,240,0.023150500001065666,0.4799163262302863,0.49479166666666663,0.49479166666666663,0.5052267952276036,0.4875,family_only,spectral,Espectro,0.5364583333333333,-0.04166666666666663
egemaps,speaker_independent,emotion_quadrant,logistic_regression,family_only:spectral,2,17,17,960,240,0.024604899999758345,0.4933066933066933,0.5026041666666667,0.5026041666666667,0.537968697968698,0.525,family_only,spectral,Espectro,0.5546875,-0.05208333333333326
egemaps,speaker_independent,emotion_quadrant,logistic_regression,family_only:spectral,3,17,17,960,240,0.02898529999947641,0.52818536909446,0.54296875,0.54296875,0.5553589189952827,0.5583333333333333,family_only,spectral,Espectro,0.68359375,-0.140625
egemaps,speaker_independent,emotion_quadrant,logistic_regression,family_only:spectral,4,17,17,960,240,0.042917700000543846,0.474983874387114,0.49739583333333337,0.49739583333333337,0.5053281430661368,0.49583333333333335,family_only,spectral,Espectro,0.5260416666666666,-0.02864583333333326
egemaps,speaker_independent,emotion_quadrant,logistic_regression,leave_one_family_out:spectral,0,71,71,960,240,0.060207300000911346,0.6028643811882,0.6341145833333334,0.6341145833333334,0.6170265198038772,0.6041666666666666,leave_one_family_out,spectral,Espectro,0.65234375,-0.01822916666666663
egemaps,speaker_independent,emotion_quadrant,logistic_regression,leave_one_family_out:spectral,1,71,71,960,240,0.04983969999921101,0.5826036155202822,0.5846354166666666,0.5846354166666666,0.6026596119929454,0.5916666666666667,leave_one_family_out,spectral,Espectro,0.5364583333333333,0.04817708333333337
egemaps,speaker_independent,emotion_quadrant,logistic_regression,leave_one_family_out:spectral,2,71,71,960,240,0.0491081000000122,0.4939313235550057,0.49869791666666663,0.49869791666666663,0.541228535868737,0.5416666666666666,leave_one_family_out,spectral,Espectro,0.5546875,-0.05598958333333337
egemaps,speaker_independent,emotion_quadrant,logistic_regression,leave_one_family_out:spectral,3,71,71,960,240,0.04959950000011304,0.6183404608451251,0.6380208333333334,0.6380208333333334,0.6297144795503004,0.6333333333333333,leave_one_family_out,spectral,Espectro,0.68359375,-0.04557291666666663
egemaps,speaker_independent,emotion_quadrant,logistic_regression,leave_one_family_out:spectral,4,71,71,960,240,0.04627790000085952,0.5123909785580258,0.5130208333333334,0.5130208333333334,0.5563096736726207,0.5333333333333333,leave_one_family_out,spectral,Espectro,0.5260416666666666,-0.01302083333333326
egemaps,speaker_independent,emotion_quadrant,logistic_regression,family_only:voice_quality,0,10,10,960,240,0.012587899998834473,0.4550796682309287,0.47135416666666663,0.47135416666666663,0.458885226818,0.45416666666666666,family_only,voice_quality,Calidad vocal,0.65234375,-0.18098958333333337
egemaps,speaker_independent,emotion_quadrant,logistic_regression,family_only:voice_quality,1,10,10,960,240,0.010073699999338714,0.4803669635876942,0.4921875,0.4921875,0.5047614944969344,0.49166666666666664,family_only,voice_quality,Calidad vocal,0.5364583333333333,-0.04427083333333326
egemaps,speaker_independent,emotion_quadrant,logistic_regression,family_only:voice_quality,2,10,10,960,240,0.014726800000062212,0.45158093581671077,0.45182291666666663,0.45182291666666663,0.48815743361853664,0.48333333333333334,family_only,voice_quality,Calidad vocal,0.5546875,-0.10286458333333337
egemaps,speaker_independent,emotion_quadrant,logistic_regression,family_only:voice_quality,3,10,10,960,240,0.011440500000389875,0.5078428577068799,0.5234375,0.5234375,0.5386742894136347,0.5458333333333333,family_only,voice_quality,Calidad vocal,0.68359375,-0.16015625
egemaps,speaker_independent,emotion_quadrant,logistic_regression,family_only:voice_quality,4,10,10,960,240,0.01294199999938428,0.40483184008817497,0.4153645833333333,0.4153645833333333,0.43730392538506585,0.4166666666666667,family_only,voice_quality,Calidad vocal,0.5260416666666666,-0.11067708333333331
egemaps,speaker_independent,emotion_quadrant,logistic_regression,leave_one_family_out:voice_quality,0,78,78,960,240,0.056565900000350666,0.624526345747276,0.64453125,0.64453125,0.6439274678809563,0.6458333333333334,leave_one_family_out,voice_quality,Calidad vocal,0.65234375,-0.0078125
egemaps,speaker_independent,emotion_quadrant,logistic_regression,leave_one_family_out:voice_quality,1,78,78,960,240,0.05369719999907829,0.49775984596331624,0.5026041666666666,0.5026041666666666,0.5327735145970536,0.5166666666666667,leave_one_family_out,voice_quality,Calidad vocal,0.5364583333333333,-0.03385416666666663
egemaps,speaker_independent,emotion_quadrant,logistic_regression,leave_one_family_out:voice_quality,2,78,78,960,240,0.05357229999935953,0.5156465585231466,0.5260416666666666,0.5260416666666666,0.5737261528550095,0.575,leave_one_family_out,voice_quality,Calidad vocal,0.5546875,-0.02864583333333337
egemaps,speaker_independent,emotion_quadrant,logistic_regression,leave_one_family_out:voice_quality,3,78,78,960,240,0.05484319999959553,0.634356271818824,0.6588541666666667,0.6588541666666667,0.6464592086582581,0.6458333333333334,leave_one_family_out,voice_quality,Calidad vocal,0.68359375,-0.02473958333333326
egemaps,speaker_independent,emotion_quadrant,logistic_regression,leave_one_family_out:voice_quality,4,78,78,960,240,0.05053340000085882,0.5060921281599386,0.5091145833333334,0.5091145833333334,0.5567876473062803,0.5375,leave_one_family_out,voice_quality,Calidad vocal,0.5260416666666666,-0.01692708333333326
egemaps,speaker_independent,emotion_quadrant,logistic_regression,family_only:temporal_voicing,0,5,5,960,240,0.010456299998622853,0.32043877186781805,0.359375,0.359375,0.3322756480704857,0.35833333333333334,family_only,temporal_voicing,Voicing y temporalidad,0.65234375,-0.29296875
egemaps,speaker_independent,emotion_quadrant,logistic_regression,family_only:temporal_voicing,1,5,5,960,240,0.010529199998927652,0.3173362585127291,0.3567708333333333,0.3567708333333333,0.3416061063119887,0.375,family_only,temporal_voicing,Voicing y temporalidad,0.5364583333333333,-0.17968749999999994
egemaps,speaker_independent,emotion_quadrant,logistic_regression,family_only:temporal_voicing,2,5,5,960,240,0.010408299998744042,0.3062982381155254,0.3606770833333333,0.3606770833333333,0.316189731773464,0.3541666666666667,family_only,temporal_voicing,Voicing y temporalidad,0.5546875,-0.19401041666666669
egemaps,speaker_independent,emotion_quadrant,logistic_regression,family_only:temporal_voicing,3,5,5,960,240,0.011561700001038844,0.2882487288224993,0.359375,0.359375,0.2714503730897173,0.32916666666666666,family_only,temporal_voicing,Voicing y temporalidad,0.68359375,-0.32421875
egemaps,speaker_independent,emotion_quadrant,logistic_regression,family_only:temporal_voicing,4,5,5,960,240,0.009664899998824694,0.23097149410222806,0.2799479166666667,0.2799479166666667,0.22026867627785057,0.25,family_only,temporal_voicing,Voicing y temporalidad,0.5260416666666666,-0.24609374999999994
egemaps,speaker_independent,emotion_quadrant,logistic_regression,leave_one_family_out:temporal_voicing,0,83,83,960,240,0.055295699999987846,0.6414608574688655,0.6588541666666667,0.6588541666666667,0.6555383473043553,0.6541666666666667,leave_one_family_out,temporal_voicing,Voicing y temporalidad,0.65234375,0.006510416666666741
egemaps,speaker_independent,emotion_quadrant,logistic_regression,leave_one_family_out:temporal_voicing,1,83,83,960,240,0.04895510000096692,0.5286360058451781,0.5364583333333334,0.5364583333333334,0.5562839430848379,0.5416666666666666,leave_one_family_out,temporal_voicing,Voicing y temporalidad,0.5364583333333333,1.1102230246251565e-16
egemaps,speaker_independent,emotion_quadrant,logistic_regression,leave_one_family_out:temporal_voicing,2,83,83,960,240,0.05412609999984852,0.578623414872937,0.5963541666666666,0.5963541666666666,0.6119216254248752,0.6125,leave_one_family_out,temporal_voicing,Voicing y temporalidad,0.5546875,0.04166666666666663
egemaps,speaker_independent,emotion_quadrant,logistic_regression,leave_one_family_out:temporal_voicing,3,83,83,960,240,0.05142139999952633,0.6636496962078358,0.6875,0.6875,0.6698121377191145,0.6708333333333333,leave_one_family_out,temporal_voicing,Voicing y temporalidad,0.68359375,0.00390625
egemaps,speaker_independent,emotion_quadrant,logistic_regression,leave_one_family_out:temporal_voicing,4,83,83,960,240,0.043960500001048786,0.5069277869351775,0.5078125,0.5078125,0.5571246640627799,0.5333333333333333,leave_one_family_out,temporal_voicing,Voicing y temporalidad,0.5260416666666666,-0.01822916666666663
