configuration,protocol,target,pooling,fold,seed,layer,weight
learned_layers_mean_std,speaker_independent,emotion_original,mean_std,0,13,0,0.08256424963474274
learned_layers_mean_std,speaker_independent,emotion_original,mean_std,0,13,1,0.06732765585184097
learned_layers_mean_std,speaker_independent,emotion_original,mean_std,0,13,2,0.07511042058467865
learned_layers_mean_std,speaker_independent,emotion_original,mean_std,0,13,3,0.08698133379220963
learned_layers_mean_std,speaker_independent,emotion_original,mean_std,0,13,4,0.08541249483823776
learned_layers_mean_std,speaker_independent,emotion_original,mean_std,0,13,5,0.08857748657464981
learned_layers_mean_std,speaker_independent,emotion_original,mean_std,0,13,6,0.0879971906542778
learned_layers_mean_std,speaker_independent,emotion_original,mean_std,0,13,7,0.07627047598361969
learned_layers_mean_std,speaker_independent,emotion_original,mean_std,0,13,8,0.0803888738155365
learned_layers_mean_std,speaker_independent,emotion_original,mean_std,0,13,9,0.06886070221662521
learned_layers_mean_std,speaker_independent,emotion_original,mean_std,0,13,10,0.06942997127771378
learned_layers_mean_std,speaker_independent,emotion_original,mean_std,0,13,11,0.06504039466381073
learned_layers_mean_std,speaker_independent,emotion_original,mean_std,0,13,12,0.06603875011205673
learned_layers_mean_std,speaker_independent,emotion_original,mean_std,0,42,0,0.08538559824228287
learned_layers_mean_std,speaker_independent,emotion_original,mean_std,0,42,1,0.06947015970945358
learned_layers_mean_std,speaker_independent,emotion_original,mean_std,0,42,2,0.07270283997058868
learned_layers_mean_std,speaker_independent,emotion_original,mean_std,0,42,3,0.09223403036594391
learned_layers_mean_std,speaker_independent,emotion_original,mean_std,0,42,4,0.08772943913936615
learned_layers_mean_std,speaker_independent,emotion_original,mean_std,0,42,5,0.08321350812911987
learned_layers_mean_std,speaker_independent,emotion_original,mean_std,0,42,6,0.08626255393028259
learned_layers_mean_std,speaker_independent,emotion_original,mean_std,0,42,7,0.0851026102900505
learned_layers_mean_std,speaker_independent,emotion_original,mean_std,0,42,8,0.07782039791345596
learned_layers_mean_std,speaker_independent,emotion_original,mean_std,0,42,9,0.06527811288833618
learned_layers_mean_std,speaker_independent,emotion_original,mean_std,0,42,10,0.0660560354590416
learned_layers_mean_std,speaker_independent,emotion_original,mean_std,0,42,11,0.06362251192331314
learned_layers_mean_std,speaker_independent,emotion_original,mean_std,0,42,12,0.06512223929166794
learned_layers_mean_std,speaker_independent,emotion_original,mean_std,0,73,0,0.08168107271194458
learned_layers_mean_std,speaker_independent,emotion_original,mean_std,0,73,1,0.06939911842346191
learned_layers_mean_std,speaker_independent,emotion_original,mean_std,0,73,2,0.07781876623630524
learned_layers_mean_std,speaker_independent,emotion_original,mean_std,0,73,3,0.09202055633068085
learned_layers_mean_std,speaker_independent,emotion_original,mean_std,0,73,4,0.08828820288181305
learned_layers_mean_std,speaker_independent,emotion_original,mean_std,0,73,5,0.09027399122714996
learned_layers_mean_std,speaker_independent,emotion_original,mean_std,0,73,6,0.08608778566122055
learned_layers_mean_std,speaker_independent,emotion_original,mean_std,0,73,7,0.07312694191932678
learned_layers_mean_std,speaker_independent,emotion_original,mean_std,0,73,8,0.0774342492222786
learned_layers_mean_std,speaker_independent,emotion_original,mean_std,0,73,9,0.06369991600513458
learned_layers_mean_std,speaker_independent,emotion_original,mean_std,0,73,10,0.07135317474603653
learned_layers_mean_std,speaker_independent,emotion_original,mean_std,0,73,11,0.06503485888242722
learned_layers_mean_std,speaker_independent,emotion_original,mean_std,0,73,12,0.06378131359815598
learned_layers_mean_std,speaker_independent,emotion_original,mean_std,1,13,0,0.08340828865766525
learned_layers_mean_std,speaker_independent,emotion_original,mean_std,1,13,1,0.06850700825452805
learned_layers_mean_std,speaker_independent,emotion_original,mean_std,1,13,2,0.07740211486816406
learned_layers_mean_std,speaker_independent,emotion_original,mean_std,1,13,3,0.08635067939758301
learned_layers_mean_std,speaker_independent,emotion_original,mean_std,1,13,4,0.08279925584793091
learned_layers_mean_std,speaker_independent,emotion_original,mean_std,1,13,5,0.08717823773622513
learned_layers_mean_std,speaker_independent,emotion_original,mean_std,1,13,6,0.08796081691980362
learned_layers_mean_std,speaker_independent,emotion_original,mean_std,1,13,7,0.07723626494407654
learned_layers_mean_std,speaker_independent,emotion_original,mean_std,1,13,8,0.07567315548658371
learned_layers_mean_std,speaker_independent,emotion_original,mean_std,1,13,9,0.07091495394706726
learned_layers_mean_std,speaker_independent,emotion_original,mean_std,1,13,10,0.07076553255319595
learned_layers_mean_std,speaker_independent,emotion_original,mean_std,1,13,11,0.06527212262153625
learned_layers_mean_std,speaker_independent,emotion_original,mean_std,1,13,12,0.06653156876564026
learned_layers_mean_std,speaker_independent,emotion_original,mean_std,1,42,0,0.08470750600099564
learned_layers_mean_std,speaker_independent,emotion_original,mean_std,1,42,1,0.07306787371635437
learned_layers_mean_std,speaker_independent,emotion_original,mean_std,1,42,2,0.07440154999494553
learned_layers_mean_std,speaker_independent,emotion_original,mean_std,1,42,3,0.08336078375577927
learned_layers_mean_std,speaker_independent,emotion_original,mean_std,1,42,4,0.08432552218437195
learned_layers_mean_std,speaker_independent,emotion_original,mean_std,1,42,5,0.08163802325725555
learned_layers_mean_std,speaker_independent,emotion_original,mean_std,1,42,6,0.08133001625537872
learned_layers_mean_std,speaker_independent,emotion_original,mean_std,1,42,7,0.08196006715297699
learned_layers_mean_std,speaker_independent,emotion_original,mean_std,1,42,8,0.07422195374965668
learned_layers_mean_std,speaker_independent,emotion_original,mean_std,1,42,9,0.06991402059793472
learned_layers_mean_std,speaker_independent,emotion_original,mean_std,1,42,10,0.07115443050861359
learned_layers_mean_std,speaker_independent,emotion_original,mean_std,1,42,11,0.06833856552839279
learned_layers_mean_std,speaker_independent,emotion_original,mean_std,1,42,12,0.07157962769269943
learned_layers_mean_std,speaker_independent,emotion_original,mean_std,1,73,0,0.07675851136445999
learned_layers_mean_std,speaker_independent,emotion_original,mean_std,1,73,1,0.07560675591230392
learned_layers_mean_std,speaker_independent,emotion_original,mean_std,1,73,2,0.07612418383359909
learned_layers_mean_std,speaker_independent,emotion_original,mean_std,1,73,3,0.08073541522026062
learned_layers_mean_std,speaker_independent,emotion_original,mean_std,1,73,4,0.07857695966959
learned_layers_mean_std,speaker_independent,emotion_original,mean_std,1,73,5,0.07855754345655441
learned_layers_mean_std,speaker_independent,emotion_original,mean_std,1,73,6,0.0777784138917923
learned_layers_mean_std,speaker_independent,emotion_original,mean_std,1,73,7,0.0757056325674057
learned_layers_mean_std,speaker_independent,emotion_original,mean_std,1,73,8,0.07718532532453537
learned_layers_mean_std,speaker_independent,emotion_original,mean_std,1,73,9,0.07365573942661285
learned_layers_mean_std,speaker_independent,emotion_original,mean_std,1,73,10,0.07677280157804489
learned_layers_mean_std,speaker_independent,emotion_original,mean_std,1,73,11,0.0755697637796402
learned_layers_mean_std,speaker_independent,emotion_original,mean_std,1,73,12,0.07697295397520065
learned_layers_mean_std,speaker_independent,emotion_original,mean_std,2,13,0,0.08064097911119461
learned_layers_mean_std,speaker_independent,emotion_original,mean_std,2,13,1,0.07321595400571823
learned_layers_mean_std,speaker_independent,emotion_original,mean_std,2,13,2,0.07501871138811111
learned_layers_mean_std,speaker_independent,emotion_original,mean_std,2,13,3,0.07918667048215866
learned_layers_mean_std,speaker_independent,emotion_original,mean_std,2,13,4,0.07881762087345123
learned_layers_mean_std,speaker_independent,emotion_original,mean_std,2,13,5,0.08072066307067871
learned_layers_mean_std,speaker_independent,emotion_original,mean_std,2,13,6,0.08047959953546524
learned_layers_mean_std,speaker_independent,emotion_original,mean_std,2,13,7,0.07511480152606964
learned_layers_mean_std,speaker_independent,emotion_original,mean_std,2,13,8,0.07793190330266953
learned_layers_mean_std,speaker_independent,emotion_original,mean_std,2,13,9,0.07508402317762375
learned_layers_mean_std,speaker_independent,emotion_original,mean_std,2,13,10,0.0755918025970459
learned_layers_mean_std,speaker_independent,emotion_original,mean_std,2,13,11,0.07290055602788925
learned_layers_mean_std,speaker_independent,emotion_original,mean_std,2,13,12,0.07529667019844055
learned_layers_mean_std,speaker_independent,emotion_original,mean_std,2,42,0,0.08607107400894165
learned_layers_mean_std,speaker_independent,emotion_original,mean_std,2,42,1,0.07170224189758301
learned_layers_mean_std,speaker_independent,emotion_original,mean_std,2,42,2,0.07113731652498245
learned_layers_mean_std,speaker_independent,emotion_original,mean_std,2,42,3,0.08634668588638306
learned_layers_mean_std,speaker_independent,emotion_original,mean_std,2,42,4,0.0860278457403183
learned_layers_mean_std,speaker_independent,emotion_original,mean_std,2,42,5,0.08359573036432266
learned_layers_mean_std,speaker_independent,emotion_original,mean_std,2,42,6,0.08505574613809586
learned_layers_mean_std,speaker_independent,emotion_original,mean_std,2,42,7,0.0843634307384491
learned_layers_mean_std,speaker_independent,emotion_original,mean_std,2,42,8,0.07738450914621353
learned_layers_mean_std,speaker_independent,emotion_original,mean_std,2,42,9,0.06936364620923996
learned_layers_mean_std,speaker_independent,emotion_original,mean_std,2,42,10,0.06788012385368347
learned_layers_mean_std,speaker_independent,emotion_original,mean_std,2,42,11,0.06392969936132431
learned_layers_mean_std,speaker_independent,emotion_original,mean_std,2,42,12,0.06714195758104324
learned_layers_mean_std,speaker_independent,emotion_original,mean_std,2,73,0,0.08011563867330551
learned_layers_mean_std,speaker_independent,emotion_original,mean_std,2,73,1,0.0736536756157875
learned_layers_mean_std,speaker_independent,emotion_original,mean_std,2,73,2,0.07500431686639786
learned_layers_mean_std,speaker_independent,emotion_original,mean_std,2,73,3,0.08503450453281403
learned_layers_mean_std,speaker_independent,emotion_original,mean_std,2,73,4,0.08253946155309677
learned_layers_mean_std,speaker_independent,emotion_original,mean_std,2,73,5,0.08418247848749161
learned_layers_mean_std,speaker_independent,emotion_original,mean_std,2,73,6,0.08139030635356903
learned_layers_mean_std,speaker_independent,emotion_original,mean_std,2,73,7,0.07426778972148895
learned_layers_mean_std,speaker_independent,emotion_original,mean_std,2,73,8,0.07796981185674667
learned_layers_mean_std,speaker_independent,emotion_original,mean_std,2,73,9,0.07121797651052475
learned_layers_mean_std,speaker_independent,emotion_original,mean_std,2,73,10,0.07393360882997513
learned_layers_mean_std,speaker_independent,emotion_original,mean_std,2,73,11,0.06963961571455002
learned_layers_mean_std,speaker_independent,emotion_original,mean_std,2,73,12,0.07105076313018799
learned_layers_mean_std,speaker_independent,emotion_original,mean_std,3,13,0,0.08169768750667572
learned_layers_mean_std,speaker_independent,emotion_original,mean_std,3,13,1,0.0706537589430809
learned_layers_mean_std,speaker_independent,emotion_original,mean_std,3,13,2,0.07337990403175354
learned_layers_mean_std,speaker_independent,emotion_original,mean_std,3,13,3,0.08142177015542984
learned_layers_mean_std,speaker_independent,emotion_original,mean_std,3,13,4,0.08034941554069519
learned_layers_mean_std,speaker_independent,emotion_original,mean_std,3,13,5,0.08270122855901718
learned_layers_mean_std,speaker_independent,emotion_original,mean_std,3,13,6,0.08311852067708969
learned_layers_mean_std,speaker_independent,emotion_original,mean_std,3,13,7,0.07762961834669113
learned_layers_mean_std,speaker_independent,emotion_original,mean_std,3,13,8,0.08125118911266327
learned_layers_mean_std,speaker_independent,emotion_original,mean_std,3,13,9,0.07302695512771606
learned_layers_mean_std,speaker_independent,emotion_original,mean_std,3,13,10,0.07300916314125061
learned_layers_mean_std,speaker_independent,emotion_original,mean_std,3,13,11,0.06991303712129593
learned_layers_mean_std,speaker_independent,emotion_original,mean_std,3,13,12,0.07184769213199615
learned_layers_mean_std,speaker_independent,emotion_original,mean_std,3,42,0,0.08578076958656311
learned_layers_mean_std,speaker_independent,emotion_original,mean_std,3,42,1,0.07149739563465118
learned_layers_mean_std,speaker_independent,emotion_original,mean_std,3,42,2,0.07193342596292496
learned_layers_mean_std,speaker_independent,emotion_original,mean_std,3,42,3,0.08124299347400665
learned_layers_mean_std,speaker_independent,emotion_original,mean_std,3,42,4,0.08428625762462616
learned_layers_mean_std,speaker_independent,emotion_original,mean_std,3,42,5,0.08193584531545639
learned_layers_mean_std,speaker_independent,emotion_original,mean_std,3,42,6,0.08322858065366745
learned_layers_mean_std,speaker_independent,emotion_original,mean_std,3,42,7,0.08516541123390198
learned_layers_mean_std,speaker_independent,emotion_original,mean_std,3,42,8,0.07998878508806229
learned_layers_mean_std,speaker_independent,emotion_original,mean_std,3,42,9,0.06910154223442078
learned_layers_mean_std,speaker_independent,emotion_original,mean_std,3,42,10,0.06882782280445099
learned_layers_mean_std,speaker_independent,emotion_original,mean_std,3,42,11,0.06677120178937912
learned_layers_mean_std,speaker_independent,emotion_original,mean_std,3,42,12,0.07023995369672775
learned_layers_mean_std,speaker_independent,emotion_original,mean_std,3,73,0,0.07797039300203323
learned_layers_mean_std,speaker_independent,emotion_original,mean_std,3,73,1,0.07564717531204224
learned_layers_mean_std,speaker_independent,emotion_original,mean_std,3,73,2,0.07532289624214172
learned_layers_mean_std,speaker_independent,emotion_original,mean_std,3,73,3,0.07979677617549896
learned_layers_mean_std,speaker_independent,emotion_original,mean_std,3,73,4,0.08082485944032669
learned_layers_mean_std,speaker_independent,emotion_original,mean_std,3,73,5,0.07883557677268982
learned_layers_mean_std,speaker_independent,emotion_original,mean_std,3,73,6,0.07816862314939499
learned_layers_mean_std,speaker_independent,emotion_original,mean_std,3,73,7,0.07576865702867508
learned_layers_mean_std,speaker_independent,emotion_original,mean_std,3,73,8,0.07702168077230453
learned_layers_mean_std,speaker_independent,emotion_original,mean_std,3,73,9,0.07295730710029602
learned_layers_mean_std,speaker_independent,emotion_original,mean_std,3,73,10,0.07629665732383728
learned_layers_mean_std,speaker_independent,emotion_original,mean_std,3,73,11,0.07487794011831284
learned_layers_mean_std,speaker_independent,emotion_original,mean_std,3,73,12,0.07651139795780182
learned_layers_mean_std,speaker_independent,emotion_original,mean_std,4,13,0,0.08006671816110611
learned_layers_mean_std,speaker_independent,emotion_original,mean_std,4,13,1,0.07349912822246552
learned_layers_mean_std,speaker_independent,emotion_original,mean_std,4,13,2,0.07360237836837769
learned_layers_mean_std,speaker_independent,emotion_original,mean_std,4,13,3,0.07789324223995209
learned_layers_mean_std,speaker_independent,emotion_original,mean_std,4,13,4,0.07812771946191788
learned_layers_mean_std,speaker_independent,emotion_original,mean_std,4,13,5,0.07999924570322037
learned_layers_mean_std,speaker_independent,emotion_original,mean_std,4,13,6,0.0798928365111351
learned_layers_mean_std,speaker_independent,emotion_original,mean_std,4,13,7,0.07556188106536865
learned_layers_mean_std,speaker_independent,emotion_original,mean_std,4,13,8,0.07935253530740738
learned_layers_mean_std,speaker_independent,emotion_original,mean_std,4,13,9,0.07563888281583786
learned_layers_mean_std,speaker_independent,emotion_original,mean_std,4,13,10,0.07538940012454987
learned_layers_mean_std,speaker_independent,emotion_original,mean_std,4,13,11,0.07486365735530853
learned_layers_mean_std,speaker_independent,emotion_original,mean_std,4,13,12,0.07611246407032013
learned_layers_mean_std,speaker_independent,emotion_original,mean_std,4,42,0,0.07931133359670639
learned_layers_mean_std,speaker_independent,emotion_original,mean_std,4,42,1,0.076138935983181
learned_layers_mean_std,speaker_independent,emotion_original,mean_std,4,42,2,0.07582385092973709
learned_layers_mean_std,speaker_independent,emotion_original,mean_std,4,42,3,0.07971110194921494
learned_layers_mean_std,speaker_independent,emotion_original,mean_std,4,42,4,0.07962895184755325
learned_layers_mean_std,speaker_independent,emotion_original,mean_std,4,42,5,0.07769403606653214
learned_layers_mean_std,speaker_independent,emotion_original,mean_std,4,42,6,0.07786507904529572
learned_layers_mean_std,speaker_independent,emotion_original,mean_std,4,42,7,0.07979748398065567
learned_layers_mean_std,speaker_independent,emotion_original,mean_std,4,42,8,0.07597058266401291
learned_layers_mean_std,speaker_independent,emotion_original,mean_std,4,42,9,0.07381249964237213
learned_layers_mean_std,speaker_independent,emotion_original,mean_std,4,42,10,0.07416752725839615
learned_layers_mean_std,speaker_independent,emotion_original,mean_std,4,42,11,0.0739191323518753
learned_layers_mean_std,speaker_independent,emotion_original,mean_std,4,42,12,0.07615954428911209
learned_layers_mean_std,speaker_independent,emotion_original,mean_std,4,73,0,0.08345004916191101
learned_layers_mean_std,speaker_independent,emotion_original,mean_std,4,73,1,0.06974881887435913
learned_layers_mean_std,speaker_independent,emotion_original,mean_std,4,73,2,0.07535029202699661
learned_layers_mean_std,speaker_independent,emotion_original,mean_std,4,73,3,0.0926641896367073
learned_layers_mean_std,speaker_independent,emotion_original,mean_std,4,73,4,0.08748166263103485
learned_layers_mean_std,speaker_independent,emotion_original,mean_std,4,73,5,0.08650033175945282
learned_layers_mean_std,speaker_independent,emotion_original,mean_std,4,73,6,0.08502209931612015
learned_layers_mean_std,speaker_independent,emotion_original,mean_std,4,73,7,0.07191207259893417
learned_layers_mean_std,speaker_independent,emotion_original,mean_std,4,73,8,0.07930237799882889
learned_layers_mean_std,speaker_independent,emotion_original,mean_std,4,73,9,0.0657283142209053
learned_layers_mean_std,speaker_independent,emotion_original,mean_std,4,73,10,0.0721265971660614
learned_layers_mean_std,speaker_independent,emotion_original,mean_std,4,73,11,0.06563112139701843
learned_layers_mean_std,speaker_independent,emotion_original,mean_std,4,73,12,0.06508201360702515
average_attention_statistics,speaker_independent,emotion_original,,0,13,0,0.07692307978868484
average_attention_statistics,speaker_independent,emotion_original,,0,13,1,0.07692307978868484
average_attention_statistics,speaker_independent,emotion_original,,0,13,2,0.07692307978868484
average_attention_statistics,speaker_independent,emotion_original,,0,13,3,0.07692307978868484
average_attention_statistics,speaker_independent,emotion_original,,0,13,4,0.07692307978868484
average_attention_statistics,speaker_independent,emotion_original,,0,13,5,0.07692307978868484
average_attention_statistics,speaker_independent,emotion_original,,0,13,6,0.07692307978868484
average_attention_statistics,speaker_independent,emotion_original,,0,13,7,0.07692307978868484
average_attention_statistics,speaker_independent,emotion_original,,0,13,8,0.07692307978868484
average_attention_statistics,speaker_independent,emotion_original,,0,13,9,0.07692307978868484
average_attention_statistics,speaker_independent,emotion_original,,0,13,10,0.07692307978868484
average_attention_statistics,speaker_independent,emotion_original,,0,13,11,0.07692307978868484
average_attention_statistics,speaker_independent,emotion_original,,0,13,12,0.07692307978868484
average_attention_statistics,speaker_independent,emotion_original,,0,42,0,0.07692307978868484
average_attention_statistics,speaker_independent,emotion_original,,0,42,1,0.07692307978868484
average_attention_statistics,speaker_independent,emotion_original,,0,42,2,0.07692307978868484
average_attention_statistics,speaker_independent,emotion_original,,0,42,3,0.07692307978868484
average_attention_statistics,speaker_independent,emotion_original,,0,42,4,0.07692307978868484
average_attention_statistics,speaker_independent,emotion_original,,0,42,5,0.07692307978868484
average_attention_statistics,speaker_independent,emotion_original,,0,42,6,0.07692307978868484
average_attention_statistics,speaker_independent,emotion_original,,0,42,7,0.07692307978868484
average_attention_statistics,speaker_independent,emotion_original,,0,42,8,0.07692307978868484
average_attention_statistics,speaker_independent,emotion_original,,0,42,9,0.07692307978868484
average_attention_statistics,speaker_independent,emotion_original,,0,42,10,0.07692307978868484
average_attention_statistics,speaker_independent,emotion_original,,0,42,11,0.07692307978868484
average_attention_statistics,speaker_independent,emotion_original,,0,42,12,0.07692307978868484
average_attention_statistics,speaker_independent,emotion_original,,0,73,0,0.07692307978868484
average_attention_statistics,speaker_independent,emotion_original,,0,73,1,0.07692307978868484
average_attention_statistics,speaker_independent,emotion_original,,0,73,2,0.07692307978868484
average_attention_statistics,speaker_independent,emotion_original,,0,73,3,0.07692307978868484
average_attention_statistics,speaker_independent,emotion_original,,0,73,4,0.07692307978868484
average_attention_statistics,speaker_independent,emotion_original,,0,73,5,0.07692307978868484
average_attention_statistics,speaker_independent,emotion_original,,0,73,6,0.07692307978868484
average_attention_statistics,speaker_independent,emotion_original,,0,73,7,0.07692307978868484
average_attention_statistics,speaker_independent,emotion_original,,0,73,8,0.07692307978868484
average_attention_statistics,speaker_independent,emotion_original,,0,73,9,0.07692307978868484
average_attention_statistics,speaker_independent,emotion_original,,0,73,10,0.07692307978868484
average_attention_statistics,speaker_independent,emotion_original,,0,73,11,0.07692307978868484
average_attention_statistics,speaker_independent,emotion_original,,0,73,12,0.07692307978868484
average_attention_statistics,speaker_independent,emotion_original,,1,13,0,0.07692307978868484
average_attention_statistics,speaker_independent,emotion_original,,1,13,1,0.07692307978868484
average_attention_statistics,speaker_independent,emotion_original,,1,13,2,0.07692307978868484
average_attention_statistics,speaker_independent,emotion_original,,1,13,3,0.07692307978868484
average_attention_statistics,speaker_independent,emotion_original,,1,13,4,0.07692307978868484
average_attention_statistics,speaker_independent,emotion_original,,1,13,5,0.07692307978868484
average_attention_statistics,speaker_independent,emotion_original,,1,13,6,0.07692307978868484
average_attention_statistics,speaker_independent,emotion_original,,1,13,7,0.07692307978868484
average_attention_statistics,speaker_independent,emotion_original,,1,13,8,0.07692307978868484
average_attention_statistics,speaker_independent,emotion_original,,1,13,9,0.07692307978868484
average_attention_statistics,speaker_independent,emotion_original,,1,13,10,0.07692307978868484
average_attention_statistics,speaker_independent,emotion_original,,1,13,11,0.07692307978868484
average_attention_statistics,speaker_independent,emotion_original,,1,13,12,0.07692307978868484
average_attention_statistics,speaker_independent,emotion_original,,1,42,0,0.07692307978868484
average_attention_statistics,speaker_independent,emotion_original,,1,42,1,0.07692307978868484
average_attention_statistics,speaker_independent,emotion_original,,1,42,2,0.07692307978868484
average_attention_statistics,speaker_independent,emotion_original,,1,42,3,0.07692307978868484
average_attention_statistics,speaker_independent,emotion_original,,1,42,4,0.07692307978868484
average_attention_statistics,speaker_independent,emotion_original,,1,42,5,0.07692307978868484
average_attention_statistics,speaker_independent,emotion_original,,1,42,6,0.07692307978868484
average_attention_statistics,speaker_independent,emotion_original,,1,42,7,0.07692307978868484
average_attention_statistics,speaker_independent,emotion_original,,1,42,8,0.07692307978868484
average_attention_statistics,speaker_independent,emotion_original,,1,42,9,0.07692307978868484
average_attention_statistics,speaker_independent,emotion_original,,1,42,10,0.07692307978868484
average_attention_statistics,speaker_independent,emotion_original,,1,42,11,0.07692307978868484
average_attention_statistics,speaker_independent,emotion_original,,1,42,12,0.07692307978868484
average_attention_statistics,speaker_independent,emotion_original,,1,73,0,0.07692307978868484
average_attention_statistics,speaker_independent,emotion_original,,1,73,1,0.07692307978868484
average_attention_statistics,speaker_independent,emotion_original,,1,73,2,0.07692307978868484
average_attention_statistics,speaker_independent,emotion_original,,1,73,3,0.07692307978868484
average_attention_statistics,speaker_independent,emotion_original,,1,73,4,0.07692307978868484
average_attention_statistics,speaker_independent,emotion_original,,1,73,5,0.07692307978868484
average_attention_statistics,speaker_independent,emotion_original,,1,73,6,0.07692307978868484
average_attention_statistics,speaker_independent,emotion_original,,1,73,7,0.07692307978868484
average_attention_statistics,speaker_independent,emotion_original,,1,73,8,0.07692307978868484
average_attention_statistics,speaker_independent,emotion_original,,1,73,9,0.07692307978868484
average_attention_statistics,speaker_independent,emotion_original,,1,73,10,0.07692307978868484
average_attention_statistics,speaker_independent,emotion_original,,1,73,11,0.07692307978868484
average_attention_statistics,speaker_independent,emotion_original,,1,73,12,0.07692307978868484
average_attention_statistics,speaker_independent,emotion_original,,2,13,0,0.07692307978868484
average_attention_statistics,speaker_independent,emotion_original,,2,13,1,0.07692307978868484
average_attention_statistics,speaker_independent,emotion_original,,2,13,2,0.07692307978868484
average_attention_statistics,speaker_independent,emotion_original,,2,13,3,0.07692307978868484
average_attention_statistics,speaker_independent,emotion_original,,2,13,4,0.07692307978868484
average_attention_statistics,speaker_independent,emotion_original,,2,13,5,0.07692307978868484
average_attention_statistics,speaker_independent,emotion_original,,2,13,6,0.07692307978868484
average_attention_statistics,speaker_independent,emotion_original,,2,13,7,0.07692307978868484
average_attention_statistics,speaker_independent,emotion_original,,2,13,8,0.07692307978868484
average_attention_statistics,speaker_independent,emotion_original,,2,13,9,0.07692307978868484
average_attention_statistics,speaker_independent,emotion_original,,2,13,10,0.07692307978868484
average_attention_statistics,speaker_independent,emotion_original,,2,13,11,0.07692307978868484
average_attention_statistics,speaker_independent,emotion_original,,2,13,12,0.07692307978868484
average_attention_statistics,speaker_independent,emotion_original,,2,42,0,0.07692307978868484
average_attention_statistics,speaker_independent,emotion_original,,2,42,1,0.07692307978868484
average_attention_statistics,speaker_independent,emotion_original,,2,42,2,0.07692307978868484
average_attention_statistics,speaker_independent,emotion_original,,2,42,3,0.07692307978868484
average_attention_statistics,speaker_independent,emotion_original,,2,42,4,0.07692307978868484
average_attention_statistics,speaker_independent,emotion_original,,2,42,5,0.07692307978868484
average_attention_statistics,speaker_independent,emotion_original,,2,42,6,0.07692307978868484
average_attention_statistics,speaker_independent,emotion_original,,2,42,7,0.07692307978868484
average_attention_statistics,speaker_independent,emotion_original,,2,42,8,0.07692307978868484
average_attention_statistics,speaker_independent,emotion_original,,2,42,9,0.07692307978868484
average_attention_statistics,speaker_independent,emotion_original,,2,42,10,0.07692307978868484
average_attention_statistics,speaker_independent,emotion_original,,2,42,11,0.07692307978868484
average_attention_statistics,speaker_independent,emotion_original,,2,42,12,0.07692307978868484
average_attention_statistics,speaker_independent,emotion_original,,2,73,0,0.07692307978868484
average_attention_statistics,speaker_independent,emotion_original,,2,73,1,0.07692307978868484
average_attention_statistics,speaker_independent,emotion_original,,2,73,2,0.07692307978868484
average_attention_statistics,speaker_independent,emotion_original,,2,73,3,0.07692307978868484
average_attention_statistics,speaker_independent,emotion_original,,2,73,4,0.07692307978868484
average_attention_statistics,speaker_independent,emotion_original,,2,73,5,0.07692307978868484
average_attention_statistics,speaker_independent,emotion_original,,2,73,6,0.07692307978868484
average_attention_statistics,speaker_independent,emotion_original,,2,73,7,0.07692307978868484
average_attention_statistics,speaker_independent,emotion_original,,2,73,8,0.07692307978868484
average_attention_statistics,speaker_independent,emotion_original,,2,73,9,0.07692307978868484
average_attention_statistics,speaker_independent,emotion_original,,2,73,10,0.07692307978868484
average_attention_statistics,speaker_independent,emotion_original,,2,73,11,0.07692307978868484
average_attention_statistics,speaker_independent,emotion_original,,2,73,12,0.07692307978868484
average_attention_statistics,speaker_independent,emotion_original,,3,13,0,0.07692307978868484
average_attention_statistics,speaker_independent,emotion_original,,3,13,1,0.07692307978868484
average_attention_statistics,speaker_independent,emotion_original,,3,13,2,0.07692307978868484
average_attention_statistics,speaker_independent,emotion_original,,3,13,3,0.07692307978868484
average_attention_statistics,speaker_independent,emotion_original,,3,13,4,0.07692307978868484
average_attention_statistics,speaker_independent,emotion_original,,3,13,5,0.07692307978868484
average_attention_statistics,speaker_independent,emotion_original,,3,13,6,0.07692307978868484
average_attention_statistics,speaker_independent,emotion_original,,3,13,7,0.07692307978868484
average_attention_statistics,speaker_independent,emotion_original,,3,13,8,0.07692307978868484
average_attention_statistics,speaker_independent,emotion_original,,3,13,9,0.07692307978868484
average_attention_statistics,speaker_independent,emotion_original,,3,13,10,0.07692307978868484
average_attention_statistics,speaker_independent,emotion_original,,3,13,11,0.07692307978868484
average_attention_statistics,speaker_independent,emotion_original,,3,13,12,0.07692307978868484
average_attention_statistics,speaker_independent,emotion_original,,3,42,0,0.07692307978868484
average_attention_statistics,speaker_independent,emotion_original,,3,42,1,0.07692307978868484
average_attention_statistics,speaker_independent,emotion_original,,3,42,2,0.07692307978868484
average_attention_statistics,speaker_independent,emotion_original,,3,42,3,0.07692307978868484
average_attention_statistics,speaker_independent,emotion_original,,3,42,4,0.07692307978868484
average_attention_statistics,speaker_independent,emotion_original,,3,42,5,0.07692307978868484
average_attention_statistics,speaker_independent,emotion_original,,3,42,6,0.07692307978868484
average_attention_statistics,speaker_independent,emotion_original,,3,42,7,0.07692307978868484
average_attention_statistics,speaker_independent,emotion_original,,3,42,8,0.07692307978868484
average_attention_statistics,speaker_independent,emotion_original,,3,42,9,0.07692307978868484
average_attention_statistics,speaker_independent,emotion_original,,3,42,10,0.07692307978868484
average_attention_statistics,speaker_independent,emotion_original,,3,42,11,0.07692307978868484
average_attention_statistics,speaker_independent,emotion_original,,3,42,12,0.07692307978868484
average_attention_statistics,speaker_independent,emotion_original,,3,73,0,0.07692307978868484
average_attention_statistics,speaker_independent,emotion_original,,3,73,1,0.07692307978868484
average_attention_statistics,speaker_independent,emotion_original,,3,73,2,0.07692307978868484
average_attention_statistics,speaker_independent,emotion_original,,3,73,3,0.07692307978868484
average_attention_statistics,speaker_independent,emotion_original,,3,73,4,0.07692307978868484
average_attention_statistics,speaker_independent,emotion_original,,3,73,5,0.07692307978868484
average_attention_statistics,speaker_independent,emotion_original,,3,73,6,0.07692307978868484
average_attention_statistics,speaker_independent,emotion_original,,3,73,7,0.07692307978868484
average_attention_statistics,speaker_independent,emotion_original,,3,73,8,0.07692307978868484
average_attention_statistics,speaker_independent,emotion_original,,3,73,9,0.07692307978868484
average_attention_statistics,speaker_independent,emotion_original,,3,73,10,0.07692307978868484
average_attention_statistics,speaker_independent,emotion_original,,3,73,11,0.07692307978868484
average_attention_statistics,speaker_independent,emotion_original,,3,73,12,0.07692307978868484
average_attention_statistics,speaker_independent,emotion_original,,4,13,0,0.07692307978868484
average_attention_statistics,speaker_independent,emotion_original,,4,13,1,0.07692307978868484
average_attention_statistics,speaker_independent,emotion_original,,4,13,2,0.07692307978868484
average_attention_statistics,speaker_independent,emotion_original,,4,13,3,0.07692307978868484
average_attention_statistics,speaker_independent,emotion_original,,4,13,4,0.07692307978868484
average_attention_statistics,speaker_independent,emotion_original,,4,13,5,0.07692307978868484
average_attention_statistics,speaker_independent,emotion_original,,4,13,6,0.07692307978868484
average_attention_statistics,speaker_independent,emotion_original,,4,13,7,0.07692307978868484
average_attention_statistics,speaker_independent,emotion_original,,4,13,8,0.07692307978868484
average_attention_statistics,speaker_independent,emotion_original,,4,13,9,0.07692307978868484
average_attention_statistics,speaker_independent,emotion_original,,4,13,10,0.07692307978868484
average_attention_statistics,speaker_independent,emotion_original,,4,13,11,0.07692307978868484
average_attention_statistics,speaker_independent,emotion_original,,4,13,12,0.07692307978868484
average_attention_statistics,speaker_independent,emotion_original,,4,42,0,0.07692307978868484
average_attention_statistics,speaker_independent,emotion_original,,4,42,1,0.07692307978868484
average_attention_statistics,speaker_independent,emotion_original,,4,42,2,0.07692307978868484
average_attention_statistics,speaker_independent,emotion_original,,4,42,3,0.07692307978868484
average_attention_statistics,speaker_independent,emotion_original,,4,42,4,0.07692307978868484
average_attention_statistics,speaker_independent,emotion_original,,4,42,5,0.07692307978868484
average_attention_statistics,speaker_independent,emotion_original,,4,42,6,0.07692307978868484
average_attention_statistics,speaker_independent,emotion_original,,4,42,7,0.07692307978868484
average_attention_statistics,speaker_independent,emotion_original,,4,42,8,0.07692307978868484
average_attention_statistics,speaker_independent,emotion_original,,4,42,9,0.07692307978868484
average_attention_statistics,speaker_independent,emotion_original,,4,42,10,0.07692307978868484
average_attention_statistics,speaker_independent,emotion_original,,4,42,11,0.07692307978868484
average_attention_statistics,speaker_independent,emotion_original,,4,42,12,0.07692307978868484
average_attention_statistics,speaker_independent,emotion_original,,4,73,0,0.07692307978868484
average_attention_statistics,speaker_independent,emotion_original,,4,73,1,0.07692307978868484
average_attention_statistics,speaker_independent,emotion_original,,4,73,2,0.07692307978868484
average_attention_statistics,speaker_independent,emotion_original,,4,73,3,0.07692307978868484
average_attention_statistics,speaker_independent,emotion_original,,4,73,4,0.07692307978868484
average_attention_statistics,speaker_independent,emotion_original,,4,73,5,0.07692307978868484
average_attention_statistics,speaker_independent,emotion_original,,4,73,6,0.07692307978868484
average_attention_statistics,speaker_independent,emotion_original,,4,73,7,0.07692307978868484
average_attention_statistics,speaker_independent,emotion_original,,4,73,8,0.07692307978868484
average_attention_statistics,speaker_independent,emotion_original,,4,73,9,0.07692307978868484
average_attention_statistics,speaker_independent,emotion_original,,4,73,10,0.07692307978868484
average_attention_statistics,speaker_independent,emotion_original,,4,73,11,0.07692307978868484
average_attention_statistics,speaker_independent,emotion_original,,4,73,12,0.07692307978868484
learned_layers_attention_statistics,speaker_independent,emotion_original,,0,13,0,0.07428602129220963
learned_layers_attention_statistics,speaker_independent,emotion_original,,0,13,1,0.06663474440574646
learned_layers_attention_statistics,speaker_independent,emotion_original,,0,13,2,0.0741492211818695
learned_layers_attention_statistics,speaker_independent,emotion_original,,0,13,3,0.0835430920124054
learned_layers_attention_statistics,speaker_independent,emotion_original,,0,13,4,0.08823872357606888
learned_layers_attention_statistics,speaker_independent,emotion_original,,0,13,5,0.09829624742269516
learned_layers_attention_statistics,speaker_independent,emotion_original,,0,13,6,0.09010840207338333
learned_layers_attention_statistics,speaker_independent,emotion_original,,0,13,7,0.07738683372735977
learned_layers_attention_statistics,speaker_independent,emotion_original,,0,13,8,0.0749523937702179
learned_layers_attention_statistics,speaker_independent,emotion_original,,0,13,9,0.0702073872089386
learned_layers_attention_statistics,speaker_independent,emotion_original,,0,13,10,0.07199171930551529
learned_layers_attention_statistics,speaker_independent,emotion_original,,0,13,11,0.062332071363925934
learned_layers_attention_statistics,speaker_independent,emotion_original,,0,13,12,0.06787315011024475
learned_layers_attention_statistics,speaker_independent,emotion_original,,0,42,0,0.07747796177864075
learned_layers_attention_statistics,speaker_independent,emotion_original,,0,42,1,0.06732791662216187
learned_layers_attention_statistics,speaker_independent,emotion_original,,0,42,2,0.07212626188993454
learned_layers_attention_statistics,speaker_independent,emotion_original,,0,42,3,0.07615779340267181
learned_layers_attention_statistics,speaker_independent,emotion_original,,0,42,4,0.08625492453575134
learned_layers_attention_statistics,speaker_independent,emotion_original,,0,42,5,0.10176443308591843
learned_layers_attention_statistics,speaker_independent,emotion_original,,0,42,6,0.08766290545463562
learned_layers_attention_statistics,speaker_independent,emotion_original,,0,42,7,0.07553646713495255
learned_layers_attention_statistics,speaker_independent,emotion_original,,0,42,8,0.07591656595468521
learned_layers_attention_statistics,speaker_independent,emotion_original,,0,42,9,0.07294239848852158
learned_layers_attention_statistics,speaker_independent,emotion_original,,0,42,10,0.07532922178506851
learned_layers_attention_statistics,speaker_independent,emotion_original,,0,42,11,0.0641862004995346
learned_layers_attention_statistics,speaker_independent,emotion_original,,0,42,12,0.06731699407100677
learned_layers_attention_statistics,speaker_independent,emotion_original,,0,73,0,0.07765231281518936
learned_layers_attention_statistics,speaker_independent,emotion_original,,0,73,1,0.07206985354423523
learned_layers_attention_statistics,speaker_independent,emotion_original,,0,73,2,0.07728815823793411
learned_layers_attention_statistics,speaker_independent,emotion_original,,0,73,3,0.07741373777389526
learned_layers_attention_statistics,speaker_independent,emotion_original,,0,73,4,0.082966148853302
learned_layers_attention_statistics,speaker_independent,emotion_original,,0,73,5,0.09242309629917145
learned_layers_attention_statistics,speaker_independent,emotion_original,,0,73,6,0.08944196999073029
learned_layers_attention_statistics,speaker_independent,emotion_original,,0,73,7,0.08404747396707535
learned_layers_attention_statistics,speaker_independent,emotion_original,,0,73,8,0.07078322023153305
learned_layers_attention_statistics,speaker_independent,emotion_original,,0,73,9,0.06902395188808441
learned_layers_attention_statistics,speaker_independent,emotion_original,,0,73,10,0.07070355862379074
learned_layers_attention_statistics,speaker_independent,emotion_original,,0,73,11,0.0662371963262558
learned_layers_attention_statistics,speaker_independent,emotion_original,,0,73,12,0.06994937360286713
learned_layers_attention_statistics,speaker_independent,emotion_original,,1,13,0,0.07517585903406143
learned_layers_attention_statistics,speaker_independent,emotion_original,,1,13,1,0.07161082327365875
learned_layers_attention_statistics,speaker_independent,emotion_original,,1,13,2,0.0759786069393158
learned_layers_attention_statistics,speaker_independent,emotion_original,,1,13,3,0.07591714709997177
learned_layers_attention_statistics,speaker_independent,emotion_original,,1,13,4,0.08063513040542603
learned_layers_attention_statistics,speaker_independent,emotion_original,,1,13,5,0.08844486624002457
learned_layers_attention_statistics,speaker_independent,emotion_original,,1,13,6,0.08583535999059677
learned_layers_attention_statistics,speaker_independent,emotion_original,,1,13,7,0.08100257068872452
learned_layers_attention_statistics,speaker_independent,emotion_original,,1,13,8,0.07766091823577881
learned_layers_attention_statistics,speaker_independent,emotion_original,,1,13,9,0.07467790693044662
learned_layers_attention_statistics,speaker_independent,emotion_original,,1,13,10,0.07407240569591522
learned_layers_attention_statistics,speaker_independent,emotion_original,,1,13,11,0.06789135187864304
learned_layers_attention_statistics,speaker_independent,emotion_original,,1,13,12,0.07109702378511429
learned_layers_attention_statistics,speaker_independent,emotion_original,,1,42,0,0.07419241219758987
learned_layers_attention_statistics,speaker_independent,emotion_original,,1,42,1,0.06279616802930832
learned_layers_attention_statistics,speaker_independent,emotion_original,,1,42,2,0.06756304949522018
learned_layers_attention_statistics,speaker_independent,emotion_original,,1,42,3,0.07369864732027054
learned_layers_attention_statistics,speaker_independent,emotion_original,,1,42,4,0.09504122287034988
learned_layers_attention_statistics,speaker_independent,emotion_original,,1,42,5,0.10861548781394958
learned_layers_attention_statistics,speaker_independent,emotion_original,,1,42,6,0.09658616036176682
learned_layers_attention_statistics,speaker_independent,emotion_original,,1,42,7,0.088871531188488
learned_layers_attention_statistics,speaker_independent,emotion_original,,1,42,8,0.0802537128329277
learned_layers_attention_statistics,speaker_independent,emotion_original,,1,42,9,0.06475720554590225
learned_layers_attention_statistics,speaker_independent,emotion_original,,1,42,10,0.0718211978673935
learned_layers_attention_statistics,speaker_independent,emotion_original,,1,42,11,0.05769879370927811
learned_layers_attention_statistics,speaker_independent,emotion_original,,1,42,12,0.058104466646909714
learned_layers_attention_statistics,speaker_independent,emotion_original,,1,73,0,0.07897692918777466
learned_layers_attention_statistics,speaker_independent,emotion_original,,1,73,1,0.07929958403110504
learned_layers_attention_statistics,speaker_independent,emotion_original,,1,73,2,0.08003314584493637
learned_layers_attention_statistics,speaker_independent,emotion_original,,1,73,3,0.07972478866577148
learned_layers_attention_statistics,speaker_independent,emotion_original,,1,73,4,0.07969958335161209
learned_layers_attention_statistics,speaker_independent,emotion_original,,1,73,5,0.0926433876156807
learned_layers_attention_statistics,speaker_independent,emotion_original,,1,73,6,0.08584793657064438
learned_layers_attention_statistics,speaker_independent,emotion_original,,1,73,7,0.08322452753782272
learned_layers_attention_statistics,speaker_independent,emotion_original,,1,73,8,0.07174960523843765
learned_layers_attention_statistics,speaker_independent,emotion_original,,1,73,9,0.06223156675696373
learned_layers_attention_statistics,speaker_independent,emotion_original,,1,73,10,0.07001829147338867
learned_layers_attention_statistics,speaker_independent,emotion_original,,1,73,11,0.06681181490421295
learned_layers_attention_statistics,speaker_independent,emotion_original,,1,73,12,0.06973891705274582
learned_layers_attention_statistics,speaker_independent,emotion_original,,2,13,0,0.07714296877384186
learned_layers_attention_statistics,speaker_independent,emotion_original,,2,13,1,0.07240165770053864
learned_layers_attention_statistics,speaker_independent,emotion_original,,2,13,2,0.0754205733537674
learned_layers_attention_statistics,speaker_independent,emotion_original,,2,13,3,0.07927446067333221
learned_layers_attention_statistics,speaker_independent,emotion_original,,2,13,4,0.0879453718662262
learned_layers_attention_statistics,speaker_independent,emotion_original,,2,13,5,0.0874793604016304
learned_layers_attention_statistics,speaker_independent,emotion_original,,2,13,6,0.08234363794326782
learned_layers_attention_statistics,speaker_independent,emotion_original,,2,13,7,0.07748114317655563
learned_layers_attention_statistics,speaker_independent,emotion_original,,2,13,8,0.0753873735666275
learned_layers_attention_statistics,speaker_independent,emotion_original,,2,13,9,0.07547011226415634
learned_layers_attention_statistics,speaker_independent,emotion_original,,2,13,10,0.07256336510181427
learned_layers_attention_statistics,speaker_independent,emotion_original,,2,13,11,0.06644245982170105
learned_layers_attention_statistics,speaker_independent,emotion_original,,2,13,12,0.07064744085073471
learned_layers_attention_statistics,speaker_independent,emotion_original,,2,42,0,0.08171916007995605
learned_layers_attention_statistics,speaker_independent,emotion_original,,2,42,1,0.06484004855155945
learned_layers_attention_statistics,speaker_independent,emotion_original,,2,42,2,0.08096785843372345
learned_layers_attention_statistics,speaker_independent,emotion_original,,2,42,3,0.0725739523768425
learned_layers_attention_statistics,speaker_independent,emotion_original,,2,42,4,0.10177214443683624
learned_layers_attention_statistics,speaker_independent,emotion_original,,2,42,5,0.10127586126327515
learned_layers_attention_statistics,speaker_independent,emotion_original,,2,42,6,0.0893157497048378
learned_layers_attention_statistics,speaker_independent,emotion_original,,2,42,7,0.08072338998317719
learned_layers_attention_statistics,speaker_independent,emotion_original,,2,42,8,0.06975504755973816
learned_layers_attention_statistics,speaker_independent,emotion_original,,2,42,9,0.061021916568279266
learned_layers_attention_statistics,speaker_independent,emotion_original,,2,42,10,0.06805837899446487
learned_layers_attention_statistics,speaker_independent,emotion_original,,2,42,11,0.06314600259065628
learned_layers_attention_statistics,speaker_independent,emotion_original,,2,42,12,0.06483044475317001
learned_layers_attention_statistics,speaker_independent,emotion_original,,2,73,0,0.07491718977689743
learned_layers_attention_statistics,speaker_independent,emotion_original,,2,73,1,0.07628002762794495
learned_layers_attention_statistics,speaker_independent,emotion_original,,2,73,2,0.07896855473518372
learned_layers_attention_statistics,speaker_independent,emotion_original,,2,73,3,0.0802120566368103
learned_layers_attention_statistics,speaker_independent,emotion_original,,2,73,4,0.08411581069231033
learned_layers_attention_statistics,speaker_independent,emotion_original,,2,73,5,0.08987349271774292
learned_layers_attention_statistics,speaker_independent,emotion_original,,2,73,6,0.08860445022583008
learned_layers_attention_statistics,speaker_independent,emotion_original,,2,73,7,0.0809069573879242
learned_layers_attention_statistics,speaker_independent,emotion_original,,2,73,8,0.0706997886300087
learned_layers_attention_statistics,speaker_independent,emotion_original,,2,73,9,0.06893662363290787
learned_layers_attention_statistics,speaker_independent,emotion_original,,2,73,10,0.06968621909618378
learned_layers_attention_statistics,speaker_independent,emotion_original,,2,73,11,0.06748026609420776
learned_layers_attention_statistics,speaker_independent,emotion_original,,2,73,12,0.06931851804256439
learned_layers_attention_statistics,speaker_independent,emotion_original,,3,13,0,0.08792603760957718
learned_layers_attention_statistics,speaker_independent,emotion_original,,3,13,1,0.07011923938989639
learned_layers_attention_statistics,speaker_independent,emotion_original,,3,13,2,0.07821551710367203
learned_layers_attention_statistics,speaker_independent,emotion_original,,3,13,3,0.07978824526071548
learned_layers_attention_statistics,speaker_independent,emotion_original,,3,13,4,0.09021909534931183
learned_layers_attention_statistics,speaker_independent,emotion_original,,3,13,5,0.10070385038852692
learned_layers_attention_statistics,speaker_independent,emotion_original,,3,13,6,0.08503983914852142
learned_layers_attention_statistics,speaker_independent,emotion_original,,3,13,7,0.07657226920127869
learned_layers_attention_statistics,speaker_independent,emotion_original,,3,13,8,0.07312636822462082
learned_layers_attention_statistics,speaker_independent,emotion_original,,3,13,9,0.0676126554608345
learned_layers_attention_statistics,speaker_independent,emotion_original,,3,13,10,0.06477893888950348
learned_layers_attention_statistics,speaker_independent,emotion_original,,3,13,11,0.06107086315751076
learned_layers_attention_statistics,speaker_independent,emotion_original,,3,13,12,0.064827099442482
learned_layers_attention_statistics,speaker_independent,emotion_original,,3,42,0,0.08345890045166016
learned_layers_attention_statistics,speaker_independent,emotion_original,,3,42,1,0.06708644330501556
learned_layers_attention_statistics,speaker_independent,emotion_original,,3,42,2,0.07781214267015457
learned_layers_attention_statistics,speaker_independent,emotion_original,,3,42,3,0.07644808292388916
learned_layers_attention_statistics,speaker_independent,emotion_original,,3,42,4,0.08205202966928482
learned_layers_attention_statistics,speaker_independent,emotion_original,,3,42,5,0.10419102758169174
learned_layers_attention_statistics,speaker_independent,emotion_original,,3,42,6,0.08558571338653564
learned_layers_attention_statistics,speaker_independent,emotion_original,,3,42,7,0.07814925163984299
learned_layers_attention_statistics,speaker_independent,emotion_original,,3,42,8,0.07294359803199768
learned_layers_attention_statistics,speaker_independent,emotion_original,,3,42,9,0.06832185387611389
learned_layers_attention_statistics,speaker_independent,emotion_original,,3,42,10,0.07262984663248062
learned_layers_attention_statistics,speaker_independent,emotion_original,,3,42,11,0.06485424190759659
learned_layers_attention_statistics,speaker_independent,emotion_original,,3,42,12,0.0664668157696724
learned_layers_attention_statistics,speaker_independent,emotion_original,,3,73,0,0.07514578849077225
learned_layers_attention_statistics,speaker_independent,emotion_original,,3,73,1,0.07555164396762848
learned_layers_attention_statistics,speaker_independent,emotion_original,,3,73,2,0.08082740008831024
learned_layers_attention_statistics,speaker_independent,emotion_original,,3,73,3,0.08466905355453491
learned_layers_attention_statistics,speaker_independent,emotion_original,,3,73,4,0.08563864976167679
learned_layers_attention_statistics,speaker_independent,emotion_original,,3,73,5,0.09012080729007721
learned_layers_attention_statistics,speaker_independent,emotion_original,,3,73,6,0.08311424404382706
learned_layers_attention_statistics,speaker_independent,emotion_original,,3,73,7,0.07798348367214203
learned_layers_attention_statistics,speaker_independent,emotion_original,,3,73,8,0.0694083720445633
learned_layers_attention_statistics,speaker_independent,emotion_original,,3,73,9,0.06661839783191681
learned_layers_attention_statistics,speaker_independent,emotion_original,,3,73,10,0.0708187147974968
learned_layers_attention_statistics,speaker_independent,emotion_original,,3,73,11,0.06916864961385727
learned_layers_attention_statistics,speaker_independent,emotion_original,,3,73,12,0.07093479484319687
learned_layers_attention_statistics,speaker_independent,emotion_original,,4,13,0,0.09182382375001907
learned_layers_attention_statistics,speaker_independent,emotion_original,,4,13,1,0.06953711062669754
learned_layers_attention_statistics,speaker_independent,emotion_original,,4,13,2,0.07741222530603409
learned_layers_attention_statistics,speaker_independent,emotion_original,,4,13,3,0.09127883613109589
learned_layers_attention_statistics,speaker_independent,emotion_original,,4,13,4,0.09522750973701477
learned_layers_attention_statistics,speaker_independent,emotion_original,,4,13,5,0.09729298949241638
learned_layers_attention_statistics,speaker_independent,emotion_original,,4,13,6,0.08184928447008133
learned_layers_attention_statistics,speaker_independent,emotion_original,,4,13,7,0.06908291578292847
learned_layers_attention_statistics,speaker_independent,emotion_original,,4,13,8,0.06808076798915863
learned_layers_attention_statistics,speaker_independent,emotion_original,,4,13,9,0.06790091842412949
learned_layers_attention_statistics,speaker_independent,emotion_original,,4,13,10,0.06736090034246445
learned_layers_attention_statistics,speaker_independent,emotion_original,,4,13,11,0.059510547667741776
learned_layers_attention_statistics,speaker_independent,emotion_original,,4,13,12,0.06364216655492783
learned_layers_attention_statistics,speaker_independent,emotion_original,,4,42,0,0.077261783182621
learned_layers_attention_statistics,speaker_independent,emotion_original,,4,42,1,0.0682702511548996
learned_layers_attention_statistics,speaker_independent,emotion_original,,4,42,2,0.06978997588157654
learned_layers_attention_statistics,speaker_independent,emotion_original,,4,42,3,0.07070917636156082
learned_layers_attention_statistics,speaker_independent,emotion_original,,4,42,4,0.0832628607749939
learned_layers_attention_statistics,speaker_independent,emotion_original,,4,42,5,0.08932465314865112
learned_layers_attention_statistics,speaker_independent,emotion_original,,4,42,6,0.08814366906881332
learned_layers_attention_statistics,speaker_independent,emotion_original,,4,42,7,0.08658099174499512
learned_layers_attention_statistics,speaker_independent,emotion_original,,4,42,8,0.08092418313026428
learned_layers_attention_statistics,speaker_independent,emotion_original,,4,42,9,0.07641828060150146
learned_layers_attention_statistics,speaker_independent,emotion_original,,4,42,10,0.07419002056121826
learned_layers_attention_statistics,speaker_independent,emotion_original,,4,42,11,0.0667521059513092
learned_layers_attention_statistics,speaker_independent,emotion_original,,4,42,12,0.06837207823991776
learned_layers_attention_statistics,speaker_independent,emotion_original,,4,73,0,0.07437074929475784
learned_layers_attention_statistics,speaker_independent,emotion_original,,4,73,1,0.0735195055603981
learned_layers_attention_statistics,speaker_independent,emotion_original,,4,73,2,0.07673104852437973
learned_layers_attention_statistics,speaker_independent,emotion_original,,4,73,3,0.08118516206741333
learned_layers_attention_statistics,speaker_independent,emotion_original,,4,73,4,0.08558966219425201
learned_layers_attention_statistics,speaker_independent,emotion_original,,4,73,5,0.09121958166360855
learned_layers_attention_statistics,speaker_independent,emotion_original,,4,73,6,0.0843234583735466
learned_layers_attention_statistics,speaker_independent,emotion_original,,4,73,7,0.08047939836978912
learned_layers_attention_statistics,speaker_independent,emotion_original,,4,73,8,0.0743301510810852
learned_layers_attention_statistics,speaker_independent,emotion_original,,4,73,9,0.06722994893789291
learned_layers_attention_statistics,speaker_independent,emotion_original,,4,73,10,0.07179640233516693
learned_layers_attention_statistics,speaker_independent,emotion_original,,4,73,11,0.06786082684993744
learned_layers_attention_statistics,speaker_independent,emotion_original,,4,73,12,0.07136406749486923
